Name,Code,Sector,Industry,Price,Change%,Volume,MCap.(M)
DYNAFNT,03046,Technology,Software,1.0,0.0,0.0,108.0
JISHAN,03040,Industrial Products & Services,Packaging Materials,0.6,0.0,0.0,141.09
BARAKAH,7251,Energy,"Energy, Infrastructure, Equipment & Services",0.04,0.0,1326.0,40.12
CARLSBG,2836,Consumer Products & Services,Food & Beverages,18.72,1.2,587.0,5723.6
HEIM,3255,Consumer Products & Services,Food & Beverages,27.12,0.6,1466.0,8192.9
NESTLE,4707,Consumer Products & Services,Food & Beverages,73.36,-7.3,3032.0,17202.92
AAX,5238,Consumer Products & Services,"Travel, Leisure & Hospitality",1.53,4.1,13007.0,684.02
UCHITEC,7100,Industrial Products & Services,"Industrial Materials, Components & Equipment",3.65,-1.4,8392.0,1693.38
IDBTECH,03030,Technology,Software,0.13,0.0,0.0,65.0
AVANGAAD,5259,Transportation & Logistics,Transportation & Logistics Services,0.29,0.0,15247.0,384.61
RPLANET,03036,Technology,Digital Services,0.305,0.0,0.0,51.95
SLIC,03008,Technology,Digital Services,0.64,0.0,0.0,81.28
AJI,2658,Consumer Products & Services,Food & Beverages,14.66,-0.1,221.0,891.31
NPS,03006,Health Care,Pharmaceuticals,0.215,0.0,0.0,32.04
JASKITA,8648,Industrial Products & Services,"Industrial Materials, Components & Equipment",0.29,3.6,80.0,130.37
BAT,4162,Consumer Products & Services,Personal Goods,6.31,-1.3,2746.0,1801.69
RL,0219,Energy,"Energy, Infrastructure, Equipment & Services",0.35,1.4,151444.0,117.2
EUROSP,7094,Consumer Products & Services,Houshold Goods,2.62,0.0,0.0,116.38
CRESNDO,6718,Property,Property,1.28,1.6,1181.0,1081.78
MFGROUP,03015,Consumer Products & Services,Consumer Services,0.24,0.0,0.0,76.8
ENEST,03025,Consumer Products & Services,Consumer Services,0.14,0.0,0.0,65.1
M&G,5078,Transportation & Logistics,Transportation & Logistics Services,0.285,-1.7,8744.0,222.55
BAUTO,5248,Consumer Products & Services,Automotive,1.09,-2.7,22762.0,1277.67
HUPSENG,5024,Consumer Products & Services,Food & Beverages,1.01,0.0,10998.0,808.0
BURSA,1818,Financial Services,Other Financials,7.8,0.0,22417.0,6312.53
FBBHD,03026,Industrial Products & Services,Industrial Services,0.35,0.0,0.0,75.6
HUMEIND,5000,Industrial Products & Services,Building Materials,2.8,0.4,2457.0,2031.36
RGB,0037,Consumer Products & Services,"Travel, Leisure & Hospitality",0.39,2.6,63039.0,603.82
SMRT,0117,Technology,Digital Services,0.97,-3.0,3001.0,441.59
ADB,0276,Technology,Software,0.98,0.5,4964.0,539.49
WELLCAL,7231,Industrial Products & Services,"Industrial Materials, Components & Equipment",1.47,-1.3,2845.0,731.98
KEYFIELD,5321,Energy,"Energy, Infrastructure, Equipment & Services",1.86,-5.6,33220.0,1495.68
AMWAY,6351,Consumer Products & Services,Retailers,6.32,-0.2,700.0,1038.92
BNASTRA,7195,Construction,Construction,1.75,0.6,6320.0,1907.51
TEOSENG,7252,Consumer Products & Services,Agricultural Products,1.04,1.0,7152.0,624.02
ALPHA,0303,Health Care,Health Care Providers,0.305,1.7,15982.0,1482.3
MRDIY,5296,Consumer Products & Services,Retailers,1.41,2.2,133048.0,13347.54
GASMSIA,5209,Utilities,"Gas, Water & Multi-Utilities",4.12,-0.5,3261.0,5290.08
MPSOL,03019,Consumer Products & Services,Consumer Services,0.07,0.0,0.0,15.6
PECCA,5271,Industrial Products & Services,Auto Parts,1.46,1.4,46506.0,1097.92
LSH,03047,Construction,Construction,0.845,0.0,0.0,596.87
CHB,0291,Industrial Products & Services,Industrial Services,0.82,1.2,2370.0,304.83
NEXG,5216,Technology,Digital Services,0.26,2.0,945798.0,772.49
INFOTEC,0253,Technology,Digital Services,0.8,-5.9,4199.0,290.58
INNO,6262,Plantation,Plantation,1.85,5.7,11896.0,885.89
KGB,0151,Industrial Products & Services,Industrial Engineering,3.36,-1.2,4847.0,2421.25
CLOUDPT,0277,Technology,Digital Services,0.775,0.0,30644.0,411.99
FOCUSP,0157,Consumer Products & Services,Personal Goods,0.745,2.8,2039.0,344.19
CUSCAPI,0051,Technology,Software,0.195,2.6,12863.0,184.25
MYEG,0138,Technology,Digital Services,0.91,1.1,412326.0,6943.33
MAXIS,6012,Telecommunications & Media,Telecommunications Service Providers,3.41,-2.3,26898.0,26710.94
SDS,0212,Consumer Products & Services,Food & Beverages,1.05,5.0,1983.0,430.11
POLYDM,03031,Industrial Products & Services,"Industrial Materials, Components & Equipment",0.75,0.0,0.0,66.18
WPRTS,5246,Transportation & Logistics,Transportation & Logistics Services,4.64,0.9,9391.0,15822.4
ASTRA,03032,Consumer Products & Services,Food & Beverages,0.5,0.0,0.0,136.08
EDEN,7471,Utilities,Electricity,0.165,3.1,17491.0,83.38
SENFONG,5308,Industrial Products & Services,Industrial Services,0.865,0.0,6000.0,624.23
APOLLO,6432,Consumer Products & Services,Food & Beverages,6.79,0.6,64.0,543.2
MCLEAN,0167,Industrial Products & Services,Industrial Services,0.31,0.0,22547.0,76.33
99SMART,5326,Consumer Products & Services,Retailers,2.06,1.5,45638.0,17304.0
NORTHERN,0340,Energy,Renewable Energy,0.54,12.5,18704.0,213.62
DXN,5318,Consumer Products & Services,Retailers,0.505,1.0,39066.0,2517.42
REDTONE,0032,Telecommunications & Media,Telecommunications Service Providers,0.56,1.8,967.0,438.17
SYNERGY,0279,Consumer Products & Services,Houshold Goods,0.915,-6.6,2186.0,457.5
HEGROUP,0296,Industrial Products & Services,Industrial Services,0.32,-3.0,9318.0,140.8
LFECORP,7170,Industrial Products & Services,Industrial Engineering,0.215,0.0,3191.0,250.27
ICTZONE,03038,Technology,Technology Equipment,0.28,0.0,0.0,185.49
HEXTAR,5151,Industrial Products & Services,Chemicals,0.89,-0.6,44672.0,3505.94
INFOM,0265,Technology,Technology Equipment,1.04,-1.0,1662.0,625.3
SUNCON,5263,Construction,Construction,4.24,3.7,53441.0,5481.94
SSB8,0045,Construction,Construction,0.45,0.0,16745.0,1022.67
PMETAL,8869,Industrial Products & Services,Metals,5.0,3.1,28902.0,41198.09
KENERGY,0307,Industrial Products & Services,"Industrial Materials, Components & Equipment",0.7,2.9,3979.0,385.0
GOLDETF,0828EA,ETF-Commodity,Commodity Fund,4.01,0.3,616.0,141.54
HAWK,0320,Energy,"Energy, Infrastructure, Equipment & Services",0.42,0.0,21065.0,205.8
SPTOTO,1562,Consumer Products & Services,"Travel, Leisure & Hospitality",1.47,0.0,2492.0,1986.01
GCB,5102,Consumer Products & Services,Food & Beverages,3.88,9.3,58971.0,4558.67
PANDA,0290,Technology,Software,0.29,-3.3,13884.0,194.64
VLB,0273,Construction,Construction,0.515,0.0,3551.0,486.32
ITMAX,5309,Technology,Digital Services,4.08,4.6,19199.0,4207.28
TM,4863,Telecommunications & Media,Telecommunications Service Providers,6.8,0.4,45186.0,26096.39
CARIMIN,5257,Energy,"Energy, Infrastructure, Equipment & Services",0.745,0.0,0.0,174.24
HLIND,3301,Consumer Products & Services,Automotive,13.26,0.6,396.0,4348.0
FEYTECH,5322,Industrial Products & Services,Auto Parts,0.45,-7.2,20445.0,379.44
ZECON,7028,Construction,Construction,0.495,0.0,700.0,73.49
PWRWELL,0217,Industrial Products & Services,"Industrial Materials, Components & Equipment",0.39,-2.5,58930.0,226.42
DLADY,3026,Consumer Products & Services,Food & Beverages,28.3,2.5,113.0,1811.2
SIGN,7246,Consumer Products & Services,Houshold Goods,1.5,0.0,311.0,968.25
UUE,0310,Construction,Construction,0.645,-0.8,6458.0,392.35
TAKAFUL,6139,Financial Services,Insurance,3.53,0.0,5817.0,3078.81
SCICOM,0099,Industrial Products & Services,Industrial Services,0.76,0.0,2086.0,270.14
PERDANA,7108,Energy,"Energy, Infrastructure, Equipment & Services",0.19,0.0,27715.0,423.14
FRONTKN,0128,Technology,Semiconductors,3.53,2.0,36714.0,5626.53
OPTIMAX,0222,Health Care,Health Care Providers,0.54,0.0,3091.0,293.38
PETDAG,5681,Consumer Products & Services,Retailers,17.9,-3.0,7493.0,17782.83
WASCO,5142,Energy,"Energy, Infrastructure, Equipment & Services",0.945,0.0,2989.0,732.27
KMLOONG,5027,Plantation,Plantation,2.29,0.4,1532.0,2241.99
PTRB,0260,Consumer Products & Services,Food & Beverages,0.38,0.0,1763.0,203.31
MNHLDG,0245,Construction,Construction,1.02,2.0,44665.0,569.26
TAS,5149,Transportation & Logistics,Transportation Equipment,0.63,2.4,1358.0,113.4
SCGBHD,0225,Industrial Products & Services,"Industrial Materials, Components & Equipment",1.09,3.8,82079.0,1003.94
LHI,6633,Consumer Products & Services,Agricultural Products,0.62,4.2,102069.0,2264.06
FPHB,0304,Consumer Products & Services,Consumer Services,0.36,1.4,957.0,162.0
ELRIDGE,0318,Energy,Renewable Energy,0.47,1.1,89261.0,940.0
REXIT,0106,Technology,Software,0.615,0.8,2351.0,116.44
MOBILIA,0229,Consumer Products & Services,Houshold Goods,0.135,3.8,9341.0,94.5
CIHLDG,2828,Consumer Products & Services,Food & Beverages,2.66,2.3,1.0,430.92
INTA,0192,Construction,Construction,0.45,2.3,9808.0,248.92
GREATEC,0208,Technology,Technology Equipment,1.54,-3.1,47725.0,3867.59
CTOS,5301,Technology,Digital Services,1.07,-2.7,42340.0,2471.7
NATGATE,0270,Industrial Products & Services,"Industrial Materials, Components & Equipment",1.41,-2.8,394268.0,3210.12
DYNAMIC,03058,Technology,Software,0.275,0.0,0.0,68.75
UTDPLT,2089,Plantation,Plantation,22.8,0.1,4201.0,14235.29
TAFI,7211,Consumer Products & Services,Houshold Goods,0.52,0.0,0.0,197.3
MAGNI,7087,Consumer Products & Services,Personal Goods,2.39,0.0,1388.0,1037.14
DAYANG,5141,Energy,"Energy, Infrastructure, Equipment & Services",1.7,0.6,37277.0,1968.21
KRETAM,1996,Plantation,Plantation,0.51,3.0,21.0,1187.09
BETA,0263,Industrial Products & Services,Auto Parts,0.415,1.2,3426.0,186.75
LTKM,7085,Consumer Products & Services,Agricultural Products,1.19,1.7,4138.0,170.31
SOLID,5242,Consumer Products & Services,Automotive,0.175,6.1,1.0,90.89
KOPI,0338,Consumer Products & Services,Food & Beverages,0.695,4.5,55259.0,1390.0
CBHB,0339,Industrial Products & Services,Industrial Services,0.27,1.9,28930.0,507.84
TOPMIX,0302,Industrial Products & Services,Building Materials,0.45,0.0,226.0,177.24
YINSON,7293,Energy,"Energy, Infrastructure, Equipment & Services",2.25,-2.2,88499.0,6928.44
LAYHONG,9385,Consumer Products & Services,Agricultural Products,0.33,3.1,13553.0,250.01
DELEUM,5132,Energy,"Energy, Infrastructure, Equipment & Services",1.45,0.7,2024.0,582.25
PENERGY,5133,Energy,"Energy, Infrastructure, Equipment & Services",1.2,-3.2,1800.0,386.1
MNRB,6459,Financial Services,Insurance,1.95,1.0,2878.0,1527.02
XOXTECH,0017,Telecommunications & Media,Telecommunications Equipment,0.05,-9.1,6.0,44.81
CCIB,03053,Consumer Products & Services,Consumer Services,0.33,0.0,0.0,158.3
SBAGAN,2569,Plantation,Plantation,5.86,0.0,60.0,545.47
LPI,8621,Financial Services,Insurance,13.74,1.2,456.0,5473.78
KOTRA,0002,Health Care,Pharmaceuticals,4.12,0.0,22.0,611.05
BIG,7005,Industrial Products & Services,Diversified Industrials,0.515,-8.0,93.0,32.69
KITACON,5310,Construction,Construction,0.72,1.4,125.0,360.22
PGLOBE,3611,Property,Property,0.61,0.8,43614.0,455.44
OFI,7107,Consumer Products & Services,Food & Beverages,1.51,0.0,616.0,362.4
EQ8US50,0827EA,ETF-Equity,Equity Fund,2.87,-0.5,50.0,34.19
YTLPOWR,6742,Utilities,"Gas, Water & Multi-Utilities",3.04,3.1,171184.0,25153.91
MUDAJYA,5085,Construction,Construction,0.1,-4.8,1294.0,265.74
LAGENDA,7179,Property,Property,1.2,-0.8,3687.0,1004.79
MBMR,5983,Consumer Products & Services,Automotive,5.46,0.2,1906.0,2134.25
NAIM,5073,Property,Property,0.88,1.7,1946.0,452.14
MY-MOMETF,0836EA,ETF-Equity,Equity Fund,1.13,0.4,1.0,1.58
PAM-A40M,0822EA,ETF-Equity,Equity Fund,1.55,0.0,0.0,2.09
MTEC,0295,Industrial Products & Services,"Industrial Materials, Components & Equipment",1.03,-1.0,1126.0,1050.6
FFB,5306,Consumer Products & Services,Food & Beverages,1.73,3.0,34481.0,3243.9
LBS,5789,Property,Property,0.48,1.1,12864.0,758.52
JTGROUP,0292,Construction,Construction,0.35,2.9,11638.0,137.13
QL,7084,Consumer Products & Services,Agricultural Products,4.84,1.3,33191.0,17668.35
TPC,7176,Consumer Products & Services,Agricultural Products,0.32,0.0,0.0,98.63
F&N,3689,Consumer Products & Services,Food & Beverages,25.36,1.3,504.0,9301.5
MKHOP,5319,Plantation,Plantation,0.635,0.8,4097.0,649.98
IFCAMSC,0023,Technology,Software,0.46,1.1,19743.0,279.81
ABLEGLOB,7167,Consumer Products & Services,Food & Beverages,1.45,-2.0,2250.0,450.18
GFM,0039,Industrial Products & Services,Industrial Services,0.215,4.9,12376.0,163.3
RCECAP,9296,Financial Services,Other Financials,1.32,7.3,13861.0,1959.5
KERJAYA,7161,Construction,Construction,2.08,-0.5,18744.0,2635.79
AGX,0299,Transportation & Logistics,Transportation & Logistics Services,0.545,2.8,12259.0,235.91
KPJ,5878,Health Care,Health Care Providers,2.78,4.5,152549.0,12583.97
VSTECS,5162,Technology,Technology Equipment,3.05,3.0,3587.0,1098.0
WELLS,0271,Consumer Products & Services,Food & Beverages,0.66,0.8,10219.0,470.0
SCIENTX,4731,Industrial Products & Services,Packaging Materials,3.53,-3.0,7479.0,5493.63
MMIS,03027,Industrial Products & Services,"Industrial Materials, Components & Equipment",0.2,0.0,0.0,120.0
PEKAT,0233,Energy,Renewable Energy,1.19,-0.8,4129.0,767.51
IGBREIT,5227,Real Estate Investment Trusts,Real Estate Investment Trusts,2.27,2.3,18026.0,8213.83
GDB,0198,Construction,Construction,0.32,6.7,6270.0,300.0
ASTRO,6399,Telecommunications & Media,Media,0.19,-5.0,45816.0,991.61
PBA,5041,Utilities,"Gas, Water & Multi-Utilities",1.97,1.0,3185.0,652.6
SAMAIDEN,0223,Energy,Renewable Energy,1.08,0.0,7795.0,453.63
INGENIEU,5178,Industrial Products & Services,Metals,0.03,0.0,262553.0,45.5
WMG,6378,Property,Property,0.39,0.0,800.0,338.19
AURORA,03037,Consumer Products & Services,Personal Goods,0.22,0.0,0.0,137.73
POHKONG,5080,Consumer Products & Services,Retailers,0.985,1.0,2470.0,404.2
EG,8907,Industrial Products & Services,"Industrial Materials, Components & Equipment",2.04,1.0,4850.0,954.32
AEONCR,5139,Financial Services,Other Financials,5.62,0.0,725.0,2869.66
ALLIANZ,1163,Financial Services,Insurance,18.54,0.5,327.0,3329.21
ARK,7007,Property,Property,0.25,0.0,206.0,22.62
PETGAS,6033,Utilities,"Gas, Water & Multi-Utilities",17.38,-0.6,6967.0,34390.36
MFCB,3069,Utilities,Electricity,4.08,-1.0,13485.0,4032.48
LGMS,0249,Technology,Digital Services,0.87,-4.9,7739.0,396.72
FAREAST,5029,Plantation,Plantation,3.45,0.0,0.0,2048.74
AGMO,0258,Technology,Software,0.4,2.6,3537.0,130.0
TOMEI,7230,Consumer Products & Services,Retailers,1.66,-0.6,1395.0,230.08
EDARAN,5036,Technology,Technology Equipment,1.22,14.0,1335.0,73.2
JCBNEXT,0058,Industrial Products & Services,Industrial Services,1.63,0.6,10.0,214.14
UTAMA,03043,Industrial Products & Services,Building Materials,0.27,0.0,0.0,90.02
YGL,0086,Technology,Software,0.135,0.0,1911.0,36.95
OPENSYS,0040,Technology,Software,0.32,1.6,3002.0,142.99
MBL,5152,Industrial Products & Services,"Industrial Materials, Components & Equipment",0.38,-1.3,1123.0,94.55
RGS,03052,Industrial Products & Services,Industrial Services,0.15,0.0,0.0,38.25
DKSH,5908,Consumer Products & Services,Consumer Services,4.78,0.6,67.0,753.61
ATECH,5302,Industrial Products & Services,"Industrial Materials, Components & Equipment",3.03,3.1,300.0,1313.43
SNS,0259,Technology,Technology Equipment,0.37,2.8,141672.0,620.03
IDEAL,9687,Property,Property,3.8,0.0,0.0,1900.0
PBBANK,1295,Financial Services,Banking,4.63,2.2,391554.0,89871.5
HARBOUR,2062,Transportation & Logistics,Transportation & Logistics Services,1.38,0.0,623.0,552.55
PADINI,7052,Consumer Products & Services,Retailers,1.85,-0.5,8703.0,1825.7
PA,7225,Industrial Products & Services,Metals,0.2,5.3,130056.0,300.95
ATRIUM,5130,Real Estate Investment Trusts,Real Estate Investment Trusts,1.26,0.0,350.0,334.59
HIBISCS,5199,Energy,Oil & Gas Producers,1.6,2.6,93832.0,1229.44
SUNMOW,03050,Construction,Construction,1.24,0.0,0.0,290.09
UMC,0256,Health Care,Health Care Equipment & Services,0.475,2.2,1226.0,177.61
CCK,7035,Consumer Products & Services,Food & Beverages,1.2,0.0,3470.0,756.86
YTL,4677,Utilities,"Gas, Water & Multi-Utilities",1.86,5.7,173358.0,20660.13
SKPRES,7155,Industrial Products & Services,"Industrial Materials, Components & Equipment",0.995,0.5,5142.0,1554.92
FPI,9172,Consumer Products & Services,Houshold Goods,2.64,0.4,3615.0,681.44
SANCY,03057,Technology,Software,0.35,0.0,0.0,237.71
WELLCHIP,5325,Financial Services,Other Financials,1.04,-6.3,9503.0,624.0
TPTEC,03061,Industrial Products & Services,Industrial Services,0.22,0.0,0.0,55.0
APEX,5088,Financial Services,Other Financials,0.915,0.0,0.0,195.41
SLVEST,0215,Energy,Renewable Energy,1.69,0.6,33144.0,1239.18
SWKPLNT,5135,Plantation,Plantation,2.27,0.9,157.0,635.6
LEESK,8079,Consumer Products & Services,Houshold Goods,0.505,2.0,2037.0,127.12
SDG,5285,Plantation,Plantation,4.95,1.0,24865.0,34232.79
SOP,5126,Plantation,Plantation,3.05,1.3,1661.0,2725.57
PESONA,8311,Construction,Construction,0.275,1.9,5689.0,191.12
UNIQUE,0257,Industrial Products & Services,Industrial Services,0.365,2.8,4945.0,146.0
SMETRIC,0203,Technology,Software,0.175,0.0,3139.0,100.99
NOTION,0083,Technology,Technology Equipment,0.72,5.1,76508.0,378.57
EPICON,4847,Construction,Construction,0.195,2.6,2729.0,122.36
SEM,5250,Consumer Products & Services,Retailers,1.97,0.5,55.0,2308.28
KLCI1XI,0835EA,,,1.735,0.0,0.0,1.74
AWC,7579,Industrial Products & Services,Industrial Services,0.86,1.2,3177.0,292.19
KUCINGKO,0315,Telecommunications & Media,Media,0.17,6.3,30158.0,85.0
MSC,5916,Industrial Products & Services,Metals,2.33,8.4,10756.0,978.6
CIMB,1023,Financial Services,Banking,7.8,-2.5,381345.0,83711.76
BPURI,5932,Construction,Construction,0.335,-1.5,92873.0,270.02
HOMERIZ,5160,Consumer Products & Services,Houshold Goods,0.575,0.9,351.0,266.37
KSL,5038,Property,Property,1.5,0.7,11960.0,1556.26
TALIWRK,8524,Utilities,"Gas, Water & Multi-Utilities",0.7,-2.8,14128.0,1411.07
MCEHLDG,7004,Industrial Products & Services,Auto Parts,1.54,0.7,100.0,209.35
MAYBANK,1155,Financial Services,Banking,10.58,-0.2,99490.0,127668.35
RAMSSOL,0236,Technology,Software,0.83,0.0,46536.0,298.35
HLBANK,5819,Financial Services,Banking,21.3,1.4,12900.0,46172.4
KFIMA,6491,Industrial Products & Services,Diversified Industrials,2.28,2.2,541.0,644.57
PANTECH,5125,Industrial Products & Services,Metals,0.765,-4.4,45412.0,654.07
IOICORP,1961,Plantation,Plantation,3.79,-1.3,10775.0,23820.9
PWROOT,7237,Consumer Products & Services,Food & Beverages,1.37,-2.1,1312.0,633.19
SKBSHUT,7115,Industrial Products & Services,Building Materials,0.805,-0.6,6619.0,156.58
HLFG,1082,Financial Services,Banking,18.2,-0.4,1602.0,20884.81
HIAPTEK,5072,Industrial Products & Services,Metals,0.295,1.7,14840.0,515.58
JTIASA,4383,Plantation,Plantation,1.16,0.9,50333.0,1129.51
ARMADA,5210,Energy,"Energy, Infrastructure, Equipment & Services",0.545,-2.7,177276.0,3230.69
OIB,5827,Property,Property,1.25,0.0,0.0,583.22
SERSOL,0055,Industrial Products & Services,Chemicals,0.06,-14.3,10.0,43.89
L&PBHD,0268,Industrial Products & Services,Industrial Services,0.17,6.3,14433.0,95.34
CHINTEK,1929,Plantation,Plantation,8.12,0.7,115.0,741.87
MASTER,7029,Industrial Products & Services,Packaging Materials,2.89,-0.7,869.0,157.85
DANCO,5276,Industrial Products & Services,"Industrial Materials, Components & Equipment",0.43,-1.1,4031.0,190.3
UCREST,0005,Technology,Technology Equipment,0.1,5.3,56022.0,74.38
RTSTECH,03039,Technology,Software,0.165,0.0,0.0,20.53
PLYTEC,0289,Industrial Products & Services,Industrial Services,0.31,6.9,4800.0,187.88
ATLAN,7048,Consumer Products & Services,Retailers,2.5,1.2,65.0,634.13
FAJAR,7047,Construction,Construction,0.275,1.9,43395.0,204.79
SET,0337,Industrial Products & Services,"Industrial Materials, Components & Equipment",0.28,1.8,20780.0,280.22
AJIYA,7609,Industrial Products & Services,Building Materials,1.74,-0.6,150.0,529.98
SUNREIT,5176,Real Estate Investment Trusts,Real Estate Investment Trusts,1.91,1.6,16231.0,6541.38
SYGROUP,5173,Transportation & Logistics,Transportation & Logistics Services,0.795,3.2,3458.0,954.0
CENGILD,0243,Health Care,Health Care Providers,0.265,0.0,4800.0,220.72
TAANN,5012,Plantation,Plantation,3.74,0.8,2817.0,1663.72
MGB,7595,Construction,Construction,0.625,-3.8,4769.0,369.78
EMCC,0286,Financial Services,Other Financials,0.305,5.2,19722.0,340.05
TSA,0297,Industrial Products & Services,Metals,0.72,4.3,562.0,222.7
KIALIM,6211,Industrial Products & Services,Building Materials,0.35,4.5,562.0,21.68
THPLANT,5112,Plantation,Plantation,0.595,1.7,3956.0,525.89
ANCOMNY,4758,Industrial Products & Services,Chemicals,0.985,0.5,31776.0,1149.13
ABMB,2488,Financial Services,Banking,5.18,-0.4,21382.0,8019.19
CEKD,0238,Industrial Products & Services,"Industrial Materials, Components & Equipment",0.36,-5.3,2230.0,70.05
TIMECOM,5031,Telecommunications & Media,Telecommunications Service Providers,5.2,-0.6,17940.0,9613.86
VS,6963,Industrial Products & Services,"Industrial Materials, Components & Equipment",0.92,-1.1,35066.0,3622.24
IGBB,5606,Property,Property,2.73,0.4,11.0,3707.72
DFX,0131,Technology,Digital Services,0.105,0.0,1650.0,78.3
AMBANK,1015,Financial Services,Banking,5.75,2.0,69743.0,19056.56
HSPLANT,5138,Plantation,Plantation,1.97,-1.0,16101.0,1576.0
BTECH,0011,Utilities,"Gas, Water & Multi-Utilities",0.28,1.8,220.0,70.56
SPRING,0216,Consumer Products & Services,Houshold Goods,0.175,-2.8,2200.0,72.75
AHEALTH,7090,Health Care,Pharmaceuticals,2.22,-0.4,636.0,1598.92
RHBBANK,1066,Financial Services,Banking,6.94,1.2,103132.0,30254.86
AVALAND,5182,Property,Property,0.295,3.5,10925.0,429.81
IBRACO,5084,Property,Property,1.08,3.8,430.0,589.73
ORGABIO,0252,Consumer Products & Services,Food & Beverages,0.33,0.0,1410.0,81.8
YOCB,5159,Consumer Products & Services,Houshold Goods,1.69,0.6,5.0,270.4
GLXT,0284,Industrial Products & Services,Industrial Services,0.195,-2.5,3077.0,81.32
PPHB,8273,Industrial Products & Services,Packaging Materials,0.71,-0.7,1680.0,189.36
RGTECH,0202,Technology,Digital Services,0.335,3.1,729.0,186.09
QES,0196,Industrial Products & Services,"Industrial Materials, Components & Equipment",0.45,0.0,13510.0,375.36
EPB,0317,Industrial Products & Services,Industrial Services,0.5,1.0,2041.0,186.0
HARISON,5008,Consumer Products & Services,Food & Beverages,1.42,0.0,27.0,486.27
GOHUB,0311,Technology,Software,0.83,2.5,1837.0,332.0
SORENTO,0326,Consumer Products & Services,Houshold Goods,0.45,0.0,15040.0,387.0
AME,5293,Construction,Construction,1.69,1.2,1764.0,1082.74
STAR,6084,Telecommunications & Media,Media,0.39,2.6,2984.0,288.04
CAB,7174,Consumer Products & Services,Agricultural Products,0.495,0.0,4806.0,347.44
PTRANS,0186,Consumer Products & Services,"Travel, Leisure & Hospitality",0.73,-0.7,32724.0,823.79
AUMAS,0098,Industrial Products & Services,Metals,0.725,-0.7,44026.0,1320.59
JPG,5323,Plantation,Plantation,1.19,-2.5,55879.0,2975.0
CATCHA,0173,Telecommunications & Media,Media,0.32,-1.5,1760.0,115.26
DSS,0269,Industrial Products & Services,Packaging Materials,0.265,0.0,5509.0,127.2
DSR,03055,Plantation,Plantation,1.18,0.0,0.0,385.24
3A,0012,Consumer Products & Services,Food & Beverages,0.77,2.7,3655.0,378.84
ULICORP,7133,Industrial Products & Services,"Industrial Materials, Components & Equipment",1.54,4.1,968.0,335.41
LBALUM,9326,Industrial Products & Services,Metals,0.465,1.1,635.0,202.21
EUPE,6815,Property,Property,0.95,0.0,1107.0,139.84
COASTAL,5071,Energy,"Energy, Infrastructure, Equipment & Services",1.38,1.5,275.0,761.22
VITROX,0097,Technology,Semiconductors,2.87,-1.0,25424.0,5429.57
BMGREEN,0168,Energy,Renewable Energy,1.78,0.6,3262.0,1224.28
IHH,5225,Health Care,Health Care Providers,7.37,0.3,50661.0,64966.18
AMEREIT,5307,Real Estate Investment Trusts,Real Estate Investment Trusts,1.65,5.8,330.0,871.15
DPHARMA,7148,Health Care,Pharmaceuticals,1.2,3.4,3353.0,1154.33
MHB,5186,Energy,"Energy, Infrastructure, Equipment & Services",0.365,0.0,1035.0,584.0
OVH,0220,Energy,"Energy, Infrastructure, Equipment & Services",0.16,-3.0,3350.0,67.19
OSKVI,0053,Financial Services,Other Financials,0.53,-3.6,54.0,104.73
PENTA,7160,Technology,Technology Equipment,3.03,1.0,20990.0,2158.32
KAB,0193,Energy,Renewable Energy,0.325,-1.5,114424.0,675.61
INARI,0166,Technology,Semiconductors,2.01,0.5,185046.0,7615.79
HSSEB,0185,Industrial Products & Services,Industrial Engineering,0.88,-2.2,4360.0,447.46
KENANGA,6483,Financial Services,Other Financials,1.03,-1.0,3332.0,757.84
CDB,6947,Telecommunications & Media,Telecommunications Service Providers,3.59,-1.9,33450.0,42116.11
MHC,5026,Plantation,Plantation,1.0,0.0,270.0,196.54
PDZ,6254,Transportation & Logistics,Transportation & Logistics Services,0.04,14.3,604.0,23.53
HLCAP,5274,Financial Services,Other Financials,3.41,0.6,639.0,841.92
PAVREIT,5212,Real Estate Investment Trusts,Real Estate Investment Trusts,1.51,0.7,24401.0,5533.23
HIL,8443,Industrial Products & Services,Chemicals,0.75,0.0,0.0,250.53
WCT,9679,Construction,Construction,0.645,0.8,156106.0,1006.08
MPI,3867,Technology,Semiconductors,17.34,1.8,4143.0,3639.4
YENHER,5300,Consumer Products & Services,Agricultural Products,0.825,0.6,725.0,247.5
SUPERLN,7235,Industrial Products & Services,Building Materials,0.85,6.3,121.0,136.0
ARANK,7214,Industrial Products & Services,Metals,0.48,1.1,381.0,85.8
SIME,4197,Consumer Products & Services,Automotive,2.05,1.5,165340.0,13971.97
T7GLOBAL,7228,Energy,"Energy, Infrastructure, Equipment & Services",0.465,1.1,2402.0,427.92
SUNWAY,5211,Industrial Products & Services,Diversified Industrials,4.6,2.2,90121.0,28625.65
IOIPG,5249,Property,Property,1.9,2.7,8334.0,10461.68
OSK,5053,Property,Property,1.82,0.0,15110.0,3813.45
MCEMENT,3794,Industrial Products & Services,Building Materials,4.81,1.3,4225.0,6461.5
WENTEL,0298,Industrial Products & Services,"Industrial Materials, Components & Equipment",0.27,-1.8,5051.0,310.5
HAPSENG,3034,Industrial Products & Services,Diversified Industrials,3.1,1.6,3949.0,7718.01
VELESTO,5243,Energy,"Energy, Infrastructure, Equipment & Services",0.16,0.0,303865.0,1314.5
KAWAN,7216,Consumer Products & Services,Food & Beverages,1.5,0.7,180.0,546.05
KTC,0180,Consumer Products & Services,Consumer Services,0.17,6.3,3878.0,115.92
JETSON,9083,Industrial Products & Services,Auto Parts,0.195,2.6,1162.0,77.28
BPPLAS,5100,Industrial Products & Services,Packaging Materials,1.14,0.9,548.0,320.95
REX,9946,Consumer Products & Services,Food & Beverages,0.1,5.3,1.0,65.77
EFRAME,0227,Industrial Products & Services,Building Materials,0.56,2.8,18954.0,206.1
PIE,7095,Industrial Products & Services,"Industrial Materials, Components & Equipment",3.58,-0.6,3116.0,1374.87
HEXIND,0161,Industrial Products & Services,"Industrial Materials, Components & Equipment",0.42,0.0,16686.0,1153.88
BIPORT,5032,Transportation & Logistics,Transportation & Logistics Services,5.98,0.0,32.0,2750.8
TEXCYCL,0089,Industrial Products & Services,Industrial Services,1.01,-1.0,280.0,284.0
PRTASCO,5070,Construction,Construction,0.29,0.0,6102.0,143.66
EDELTEQ,0278,Technology,Technology Equipment,0.25,2.0,2540.0,133.13
SEALINK,5145,Transportation & Logistics,Transportation Equipment,0.17,-5.6,52432.0,85.0
LFG,5255,Energy,"Energy, Infrastructure, Equipment & Services",1.02,1.0,2988.0,821.54
HAILY,0237,Construction,Construction,0.19,-5.0,1769.0,80.37
GENETEC,0104,Technology,Technology Equipment,1.16,4.5,61367.0,913.9
UZMA,7250,Energy,"Energy, Infrastructure, Equipment & Services",0.57,-2.6,2468.0,251.54
MERSEC,0285,Financial Services,Other Financials,0.305,0.0,5978.0,272.37
TENAGA,5347,Utilities,Electricity,13.82,1.6,87011.0,80334.94
ORIENT,4006,Consumer Products & Services,Automotive,7.15,1.3,1222.0,4435.81
CREST,0323,Industrial Products & Services,Industrial Services,0.195,2.6,6211.0,168.79
NHFATT,7060,Consumer Products & Services,Automotive,1.93,0.0,170.0,319.11
OASIS,5265,Consumer Products & Services,"Travel, Leisure & Hospitality",0.18,0.0,456.0,26.49
AUTORIS,03059,Financial Services,Other Financials,0.5,0.0,0.0,186.05
BINTAI,6998,Industrial Products & Services,Industrial Engineering,0.085,6.3,98987.0,103.7
ECOFIRS,3557,Property,Property,0.38,2.7,2125.0,459.01
DOMINAN,7169,Industrial Products & Services,Wood & Wood Products,0.83,3.7,102.0,137.15
TECGUAN,7439,Consumer Products & Services,Agricultural Products,1.61,3.2,84.0,64.56
PTT,7010,Property,Property,1.3,5.7,186.0,561.81
LYSAGHT,9199,Industrial Products & Services,Metals,2.54,3.3,30.0,105.61
LWSABAH,5328,Consumer Products & Services,Food & Beverages,0.82,1.9,1373.0,388.01
SLP,7248,Industrial Products & Services,Packaging Materials,0.87,0.0,0.0,275.76
BHIC,8133,Transportation & Logistics,Transportation Equipment,0.35,2.9,200.0,197.5
KLCC,5235SS,Real Estate Investment Trusts,Real Estate Investment Trusts,8.45,0.0,838.0,15255.06
JKGLAND,6769,Property,Property,0.105,5.0,801.0,238.87
BIMB,5258,Financial Services,Banking,2.57,0.4,14063.0,5824.84
RSAWIT,5113,Plantation,Plantation,0.2,0.0,5254.0,408.34
PANSAR,8419,Industrial Products & Services,Building Materials,0.555,0.0,361.0,286.12
LUXCHEM,5143,Industrial Products & Services,Chemicals,0.465,-2.1,3069.0,497.49
FM,7210,Transportation & Logistics,Transportation & Logistics Services,0.585,0.9,452.0,326.69
TASCO,5140,Transportation & Logistics,Transportation & Logistics Services,0.66,-2.2,1040.0,528.0
MANULFE,1058,Financial Services,Insurance,2.19,0.0,49.0,492.07
FCW,2755,Consumer Products & Services,Houshold Goods,1.62,0.0,0.0,404.99
RHONEMA,5278,Consumer Products & Services,Agricultural Products,0.645,0.8,471.0,142.69
TGUAN,7034,Industrial Products & Services,Packaging Materials,1.26,-1.6,13790.0,509.6
SCOMNET,0001,Health Care,Health Care Equipment & Services,1.06,0.0,17545.0,912.24
CHINHIN,5273,Industrial Products & Services,Building Materials,2.19,1.4,7206.0,7753.32
PWF,7134,Consumer Products & Services,Agricultural Products,0.78,1.3,3073.0,247.93
SHL,6017,Property,Property,2.3,3.6,120.0,556.88
PPJACK,0242,Financial Services,Other Financials,0.96,0.5,2483.0,737.47
ELKDESA,5228,Financial Services,Other Financials,1.13,1.8,613.0,513.93
VERSATL,4995,Consumer Products & Services,Retailers,0.7,4.5,502.0,196.07
PARAMON,1724,Property,Property,1.07,0.9,2720.0,666.37
TMK,5330,Industrial Products & Services,Chemicals,1.33,2.3,6291.0,1330.0
TGL,9369,Consumer Products & Services,Personal Goods,0.97,0.0,0.0,83.81
KJTS,0293,Industrial Products & Services,Industrial Services,1.05,0.0,37622.0,723.06
PANAMY,3719,Consumer Products & Services,Houshold Goods,16.02,-1.4,49.0,973.15
GOPENG,2135,Plantation,Plantation,0.63,-3.1,4071.0,254.2
MATRIX,5236,Property,Property,1.38,-0.7,72406.0,2590.29
CNERGEN,0246,Technology,Technology Equipment,0.405,2.5,1191.0,201.69
TSH,9059,Plantation,Plantation,1.17,-0.8,12379.0,1616.71
COLFORM,0341,Industrial Products & Services,Metals,0.35,-4.1,16927.0,210.0
APPASIA,0119,Technology,Software,0.13,8.3,12632.0,187.84
AMTEL,7031,Telecommunications & Media,Telecommunications Equipment,0.45,0.0,200.0,44.23
SKYWLD,5315,Property,Property,0.415,1.2,4192.0,415.0
KARYON,0054,Industrial Products & Services,Chemicals,0.155,0.0,1199.0,73.74
IRIS,0010,Technology,Software,0.265,1.9,4558.0,216.17
SCIPACK,8125,Industrial Products & Services,Packaging Materials,1.5,0.0,0.0,526.76
LOTUSCIR,7234,Consumer Products & Services,Personal Goods,0.42,1.2,464.0,60.6
MINOX,0288,Industrial Products & Services,"Industrial Materials, Components & Equipment",0.24,2.1,27852.0,86.4
PGF,8117,Industrial Products & Services,Building Materials,2.0,-3.4,2881.0,387.9
KPS,5843,Industrial Products & Services,Diversified Industrials,0.64,-1.5,6.0,343.93
YXPM,0250,Consumer Products & Services,Personal Goods,0.22,2.3,4594.0,81.87
MARCO,3514,Consumer Products & Services,Personal Goods,0.12,-4.0,10288.0,126.52
UNIMECH,7091,Industrial Products & Services,"Industrial Materials, Components & Equipment",1.4,0.0,80.0,211.08
SAPIND,7811,Industrial Products & Services,Auto Parts,0.84,0.0,0.0,61.13
CLMT,5180,Real Estate Investment Trusts,Real Estate Investment Trusts,0.65,0.8,11831.0,1871.98
FAVCO,7229,Industrial Products & Services,Industrial Engineering,1.68,0.0,165.0,397.45
KIMLUN,5171,Construction,Construction,0.91,1.1,3310.0,321.58
AEON,6599,Consumer Products & Services,Retailers,1.38,1.5,5794.0,1937.52
MUH,9539,Property,Property,0.38,-8.4,911.0,21.44
SAM,9822,Industrial Products & Services,"Industrial Materials, Components & Equipment",3.53,-1.7,4086.0,2389.76
MI,5286,Technology,Technology Equipment,1.72,1.2,19719.0,1548.0
TECHBND,5289,Industrial Products & Services,Chemicals,0.34,1.5,3089.0,257.16
RAPID,7765,Property,Property,0.63,-0.8,1401.0,67.34
YSPSAH,7178,Health Care,Pharmaceuticals,2.22,0.9,760.0,314.9
SEB,5163,Industrial Products & Services,Industrial Engineering,0.57,0.0,0.0,45.6
ANNUM,5082,Industrial Products & Services,Wood & Wood Products,0.055,0.0,600.0,12.51
CRPMATE,0331,Industrial Products & Services,Chemicals,0.18,2.9,6654.0,132.84
TAMBUN,5191,Property,Property,0.83,-0.6,591.0,364.63
KEINHIN,7199,Industrial Products & Services,Metals,1.37,-1.4,66.0,149.19
SAMCHEM,5147,Industrial Products & Services,Chemicals,0.4,1.3,1690.0,217.6
EFORCE,0065,Technology,Software,0.235,2.2,2156.0,143.32
JAYCORP,7152,Consumer Products & Services,Houshold Goods,0.62,0.0,684.0,170.19
AXREIT,5106,Real Estate Investment Trusts,Real Estate Investment Trusts,1.84,0.5,15661.0,3699.31
NPC,5047,Plantation,Plantation,2.76,0.0,0.0,331.2
DUFU,7233,Industrial Products & Services,"Industrial Materials, Components & Equipment",1.15,0.0,24651.0,628.34
KKB,9466,Industrial Products & Services,Industrial Engineering,1.47,2.8,10.0,424.43
KUB,6874,Industrial Products & Services,Industrial Services,0.605,-0.8,260.0,337.14
FPGROUP,5277,Industrial Products & Services,"Industrial Materials, Components & Equipment",0.265,0.0,4049.0,145.29
RANHILL,5272,Utilities,"Gas, Water & Multi-Utilities",1.26,0.0,4185.0,1633.95
GESHEN,7197,Industrial Products & Services,"Industrial Materials, Components & Equipment",4.46,0.0,591.0,599.53
MTAG,0213,Industrial Products & Services,Industrial Services,0.27,3.8,5626.0,184.04
ECOWLD,8206,Property,Property,1.88,0.0,29547.0,5573.4
ASTINO,7162,Industrial Products & Services,Building Materials,0.545,2.8,2830.0,268.91
CPETECH,5317,Industrial Products & Services,"Industrial Materials, Components & Equipment",0.68,-5.6,4310.0,456.49
MAGNUM,3859,Consumer Products & Services,"Travel, Leisure & Hospitality",1.25,0.0,24109.0,1797.19
ANALABS,7083,Industrial Products & Services,Industrial Services,1.69,0.0,50.0,202.88
GENP,2291,Plantation,Plantation,5.52,0.2,2286.0,4953.42
MAHSING,8583,Property,Property,1.18,1.7,96184.0,3020.96
SPRITZER,7103,Consumer Products & Services,Food & Beverages,1.57,4.0,2856.0,1002.65
YTLREIT,5109,Real Estate Investment Trusts,Real Estate Investment Trusts,1.05,0.0,11263.0,1789.61
BABA,03012,Consumer Products & Services,Houshold Goods,0.44,0.0,0.0,98.88
AZAMJAYA,5329,Construction,Construction,1.0,-1.0,1857.0,500.0
SRIDGE,0129,Telecommunications & Media,Telecommunications Equipment,0.55,-0.9,203250.0,148.18
SMART,0306,Industrial Products & Services,Building Materials,0.245,-5.8,3172.0,90.61
AYER,2305,Property,Property,7.5,0.0,0.0,561.4
DKLS,7528,Construction,Construction,1.75,0.0,0.0,162.22
TJSETIA,5297,Construction,Construction,0.23,-2.1,39.0,80.16
CVIEW,5049,Property,Property,1.77,0.0,0.0,177.0
CABNET,0191,Technology,Technology Equipment,0.3,3.4,4816.0,53.63
E&O,3417,Property,Property,0.76,1.3,53503.0,1911.55
KIPREIT,5280,Real Estate Investment Trusts,Real Estate Investment Trusts,0.87,0.0,9174.0,694.81
MAGNA,7617,Property,Property,0.6,0.0,0.0,240.86
MEGAFB,5327,Industrial Products & Services,"Industrial Materials, Components & Equipment",0.51,-1.0,37847.0,430.94
SENTRAL,5123,Real Estate Investment Trusts,Real Estate Investment Trusts,0.77,0.0,4244.0,920.54
OKA,7140,Industrial Products & Services,Building Materials,0.65,2.4,52.0,159.51
APM,5015,Industrial Products & Services,Auto Parts,3.09,1.0,1586.0,622.94
MEDIA,4502,Telecommunications & Media,Media,0.48,2.1,7407.0,532.42
INNATURE,5295,Consumer Products & Services,Personal Goods,0.16,-3.0,2400.0,112.94
FIBON,0149,Industrial Products & Services,"Industrial Materials, Components & Equipment",0.45,16.9,51.0,44.1
SASBADI,5252,Telecommunications & Media,Media,0.17,3.0,1109.0,74.14
NSOP,2038,Plantation,Plantation,3.98,1.3,220.0,279.4
CENSOF,5195,Technology,Software,0.18,-2.7,1672.0,99.41
DIALOG,7277,Energy,"Energy, Infrastructure, Equipment & Services",1.48,-4.5,181526.0,8356.11
SUNVIEW,0262,Energy,Renewable Energy,0.405,0.0,32991.0,229.93
PCCS,6068,Consumer Products & Services,Personal Goods,0.345,0.0,0.0,76.94
FIAMMA,6939,Consumer Products & Services,Houshold Goods,1.08,0.0,1801.0,572.65
AIMFLEX,0209,Technology,Technology Equipment,0.115,4.5,50235.0,169.38
KGW,0282,Transportation & Logistics,Transportation & Logistics Services,0.17,3.0,9939.0,82.08
NGGB,7241,Industrial Products & Services,Industrial Services,0.79,-0.6,32527.0,843.69
MYTECH,7692,Industrial Products & Services,Metals,0.3,-13.0,100.0,67.13
ALAQAR,5116,Real Estate Investment Trusts,Real Estate Investment Trusts,1.27,-0.8,743.0,1066.29
JCY,5161,Technology,Technology Equipment,0.375,4.2,64455.0,805.46
TECHSTORE,0343,Technology,Software,0.18,9.1,68607.0,90.0
ZHULIAN,5131,Consumer Products & Services,Consumer Services,1.15,0.0,1049.0,529.0
IJM,3336,Construction,Construction,2.07,4.0,61949.0,7550.46
PRIVA,0123,Telecommunications & Media,Telecommunications Equipment,0.1,5.3,12322.0,67.54
MESTRON,0207,Industrial Products & Services,Metals,0.275,0.0,15693.0,275.21
MBRIGHT,2097,Consumer Products & Services,"Travel, Leisure & Hospitality",0.12,0.0,260.0,303.76
BLDPLNT,5069,Plantation,Plantation,10.84,0.0,0.0,1013.54
POHUAT,7088,Consumer Products & Services,Houshold Goods,1.27,0.8,767.0,353.44
NOVA,0201,Health Care,Pharmaceuticals,0.32,1.6,601.0,101.99
SWIFT,5303,Transportation & Logistics,Transportation & Logistics Services,0.425,3.7,3232.0,379.66
MUHIBAH,5703,Construction,Construction,0.66,0.0,15060.0,482.45
KSSC,5192,Industrial Products & Services,"Industrial Materials, Components & Equipment",0.86,-1.1,22329.0,159.34
KPPROP,7077,Property,Property,0.47,-3.1,6650.0,272.67
MENANG,1694,Property,Property,0.66,3.1,230.0,469.17
UMCCA,2593,Plantation,Plantation,5.06,0.0,0.0,1061.43
GOB,1147,Property,Property,0.145,3.6,1211.0,65.93
BONIA,9288,Consumer Products & Services,Personal Goods,1.32,1.5,23.0,266.07
ACME,7131,Property,Property,0.145,-3.3,2767.0,53.29
NESTCON,0235,Construction,Construction,0.4,1.3,35835.0,285.88
TELADAN,0230,Property,Property,0.955,0.0,310.0,781.67
MAXIM,4022,Property,Property,0.27,0.0,378.0,198.52
TIENWAH,7374,Industrial Products & Services,Industrial Services,0.79,0.0,0.0,114.35
UOADEV,5200,Property,Property,1.76,-0.6,6474.0,4619.87
CEPAT,8982,Plantation,Plantation,0.685,-0.7,683.0,218.14
KSENG,3476,Industrial Products & Services,Diversified Industrials,5.7,0.2,208.0,2060.42
SFPTECH,0251,Technology,Semiconductors,0.285,11.8,205205.0,684.0
HIGHTEC,7033,Industrial Products & Services,Industrial Engineering,0.71,0.0,0.0,86.5
KOBAY,6971,Industrial Products & Services,"Industrial Materials, Components & Equipment",1.16,1.8,2931.0,378.37
KPSCB,9121,Industrial Products & Services,Wood & Wood Products,0.47,2.2,134.0,76.43
FIMACOR,3107,Industrial Products & Services,Industrial Services,1.66,0.0,137.0,407.13
AZRB,7078,Construction,Construction,0.19,0.0,7513.0,124.97
SIMEPROP,5288,Property,Property,1.34,3.1,256883.0,9113.12
MAG,0095,Consumer Products & Services,Food & Beverages,0.18,0.0,39098.0,342.18
NCT,0056,Property,Property,0.47,0.0,2602.0,885.23
KTI,0308,Property,Property,0.385,1.3,7784.0,308.0
SAB,5134,Industrial Products & Services,Chemicals,2.89,0.3,28.0,395.74
BJCORP,3395,Industrial Products & Services,Diversified Industrials,0.29,0.0,34632.0,1729.14
SUNLOGY,0345,Construction,Construction,0.25,-2.0,28252.0,175.0
MALAKOF,5264,Utilities,Electricity,0.82,0.0,37846.0,4100.0
HHRG,0175,Industrial Products & Services,"Industrial Materials, Components & Equipment",0.095,5.6,11275.0,91.34
SJC,9431,Telecommunications & Media,Media,0.31,0.0,140.0,66.2
SSF,0287,Consumer Products & Services,Retailers,0.395,1.3,47429.0,316.0
MALPAC,4936,Plantation,Plantation,0.795,0.0,0.0,59.63
CHGP,7187,Transportation & Logistics,Transportation Equipment,2.1,-0.5,373.0,1388.3
HWATAI,8478,Consumer Products & Services,Food & Beverages,0.47,0.0,80.0,35.17
PPB,4065,Consumer Products & Services,Food & Beverages,11.04,2.6,6110.0,15705.49
MIKROMB,0112,Technology,Technology Equipment,0.185,2.8,74.0,223.54
WEGMANS,0197,Consumer Products & Services,Houshold Goods,0.16,0.0,339.0,88.01
PLENITU,5075,Property,Property,1.42,0.0,383.0,541.78
FGV,5222,Plantation,Plantation,1.13,0.9,2813.0,4122.41
EITA,5208,Industrial Products & Services,"Industrial Materials, Components & Equipment",0.655,2.3,160.0,197.69
DAY3,0281,Consumer Products & Services,Consumer Services,0.265,1.9,1036.0,127.2
VELOCITY,7165,Industrial Products & Services,Building Materials,0.075,-6.2,6340.0,103.61
RESINTC,7232,Industrial Products & Services,Building Materials,0.64,1.6,1084.0,125.27
MFLOUR,3662,Consumer Products & Services,Food & Beverages,0.485,2.1,13901.0,600.99
AXIATA,6888,Telecommunications & Media,Telecommunications Service Providers,1.91,-1.0,43965.0,17539.15
SDCG,0321,Industrial Products & Services,Industrial Services,0.53,-0.9,135716.0,224.63
AFFIN,5185,Financial Services,Banking,2.77,-0.7,11804.0,6649.35
ANEKA,0226,Construction,Construction,0.135,-3.6,2665.0,93.61
HCK,7105,Property,Property,2.13,-0.5,3742.0,1308.42
SEG,9792,Consumer Products & Services,Consumer Services,0.625,0.8,15187.0,791.09
UMSNGB,7227,Industrial Products & Services,"Industrial Materials, Components & Equipment",0.9,-6.3,140.0,72.0
D&O,7204,Technology,Semiconductors,1.27,4.1,29304.0,1574.14
CARLORINO,0335,Consumer Products & Services,Personal Goods,0.165,0.0,6253.0,161.29
SPSETIA,8664,Property,Property,1.25,-0.8,49851.0,6253.26
GMUTUAL,9962,Property,Property,0.26,0.0,0.0,97.66
BKAWAN,1899,Plantation,Plantation,19.6,0.5,5.0,7830.9
3REN,0328,Technology,Semiconductors,0.235,0.0,20779.0,152.75
SUCCESS,7207,Industrial Products & Services,"Industrial Materials, Components & Equipment",0.615,2.5,1974.0,155.69
ACO,0218,Industrial Products & Services,Industrial Services,0.215,10.3,17621.0,74.68
CYBERE,5166,Consumer Products & Services,Consumer Services,0.925,0.0,288.0,157.64
KLK,2445,Plantation,Plantation,20.86,1.3,6315.0,23283.95
MBSB,1171,Financial Services,Other Financials,0.725,1.4,69329.0,5961.18
XL,7121,Consumer Products & Services,Consumer Services,0.52,0.0,42500.0,230.05
EPMB,7773,Industrial Products & Services,Auto Parts,0.445,2.3,798.0,127.43
PLINTAS,5320,Business Trust,Business Trust,0.955,0.0,0.0,1050.5
SENDAI,5205,Construction,Construction,0.455,0.0,15874.0,355.4
SUPREME,0330,Consumer Products & Services,Consumer Services,0.2,0.0,3527.0,86.0
COSMOS,0261,Industrial Products & Services,Industrial Services,0.335,-1.5,250.0,85.93
ALRICH,0079,Technology,Software,0.025,0.0,7583.0,27.84
ASIAPAC,4057,Property,Property,0.095,5.6,9919.0,141.44
HTPADU,5028,Technology,Digital Services,2.7,-0.4,3738.0,300.64
PTARAS,9598,Construction,Construction,1.43,-2.1,50.0,237.19
MKH,6114,Property,Property,1.07,0.9,1201.0,627.61
SALCON,8567,Utilities,"Gas, Water & Multi-Utilities",0.275,0.0,897.0,284.75
UWC,5292,Technology,Semiconductors,2.2,-2.7,18330.0,2424.46
M&A,7082,Financial Services,Other Financials,0.28,5.7,2297.0,561.11
VOLCANO,0232,Industrial Products & Services,Industrial Services,0.725,5.8,40.0,131.68
TANCO,2429,Property,Property,1.81,0.0,135249.0,3989.99
GAMUDA,5398,Construction,Construction,4.24,3.4,155424.0,24184.43
MYNEWS,5275,Consumer Products & Services,Retailers,0.64,6.7,7054.0,480.23
SMISCOR,7132,Industrial Products & Services,Auto Parts,0.7,0.0,100.0,31.36
DPIH,0205,Consumer Products & Services,Houshold Goods,0.11,4.8,1200.0,80.31
METROD,6149,Industrial Products & Services,Metals,1.31,-0.8,410.0,157.2
SHH,7412,Consumer Products & Services,Houshold Goods,1.22,0.0,0.0,121.99
PMBTECH,7172,Industrial Products & Services,Metals,1.6,4.6,976.0,3029.77
GUOCO,1503,Property,Property,0.615,-2.4,3637.0,430.78
WINSTAR,0336,Industrial Products & Services,Metals,0.46,3.4,25459.0,133.4
CMSB,2852,Industrial Products & Services,Building Materials,1.03,3.0,13905.0,1107.09
CITAGLB,7245,Industrial Products & Services,Metals,0.79,-1.2,1156.0,336.13
SHANG,5517,Consumer Products & Services,"Travel, Leisure & Hospitality",1.81,1.7,1752.0,796.4
HHHCORP,0160,Industrial Products & Services,Industrial Services,0.12,0.0,0.0,47.9
UMS,7137,Industrial Products & Services,"Industrial Materials, Components & Equipment",2.04,0.0,125.0,83.01
UOAREIT,5110,Real Estate Investment Trusts,Real Estate Investment Trusts,0.87,-0.6,811.0,587.77
CSCSTEL,5094,Industrial Products & Services,Metals,1.12,0.0,812.0,425.6
FLEXI,0231,Industrial Products & Services,Industrial Services,0.15,3.4,341.0,44.95
JAKS,4723,Construction,Construction,0.1,5.3,80009.0,262.63
KLUANG,2453,Plantation,Plantation,5.7,3.6,17.0,360.08
INSAS,3379,Financial Services,Other Financials,0.845,1.2,13096.0,585.96
PLABS,0171,Consumer Products & Services,Agricultural Products,0.18,0.0,1847.0,49.54
RTECH,0342,Consumer Products & Services,Consumer Services,0.215,2.4,47999.0,43.53
BWYS,0313,Industrial Products & Services,Metals,0.195,0.0,2416.0,199.92
KNUSFOR,5035,Industrial Products & Services,Industrial Services,0.745,0.0,0.0,74.24
GTRONIC,7022,Technology,Semiconductors,0.365,2.8,41626.0,246.52
AMFIRST,5120,Real Estate Investment Trusts,Real Estate Investment Trusts,0.29,0.0,6787.0,199.06
TEXCHEM,8702,Industrial Products & Services,Diversified Industrials,0.795,0.6,2501.0,100.47
BENALEC,5190,Construction,Construction,0.095,0.0,10250.0,98.0
CORAZA,0240,Industrial Products & Services,Industrial Engineering,0.49,7.7,20998.0,242.16
KYM,8362,Industrial Products & Services,Packaging Materials,0.33,0.0,0.0,50.36
BESHOM,7668,Consumer Products & Services,Retailers,0.77,0.7,446.0,231.08
HEKTAR,5121,Real Estate Investment Trusts,Real Estate Investment Trusts,0.51,3.0,7369.0,361.74
KOSSAN,7153,Health Care,Health Care Equipment & Services,1.8,0.6,48870.0,4604.17
LIIHEN,7089,Consumer Products & Services,Houshold Goods,0.58,0.9,7236.0,313.2
EDGENTA,1368,Industrial Products & Services,Industrial Services,0.795,2.6,2818.0,661.14
MYCRON,5087,Industrial Products & Services,Metals,0.35,29.6,2.0,114.47
KAREX,5247,Consumer Products & Services,Personal Goods,0.8,1.3,11913.0,842.77
MISC,3816,Transportation & Logistics,Transportation & Logistics Services,7.25,0.1,22189.0,32362.5
TTVHB,0272,Technology,Semiconductors,0.385,4.1,65439.0,184.65
YONGTAI,7066,Property,Property,0.15,-3.2,1959.0,64.31
OFB,0312,Consumer Products & Services,Food & Beverages,0.31,0.0,610.0,65.15
SUNSURIA,3743,Property,Property,0.41,-2.4,770.0,367.33
MAYU,7099,Industrial Products & Services,Metals,0.225,2.3,701.0,108.56
SUNZEN,0148,Consumer Products & Services,Agricultural Products,0.3,0.0,21231.0,242.44
MELATI,5129,Construction,Construction,0.525,0.0,0.0,63.0
SHCHAN,4316,Plantation,Plantation,0.24,0.0,767.0,72.93
BRIGHT,9938,Industrial Products & Services,Packaging Materials,0.165,0.0,0.0,33.88
PCHEM,5183,Industrial Products & Services,Chemicals,3.77,3.3,53467.0,30160.0
TEKSENG,7200,Consumer Products & Services,Houshold Goods,0.245,-3.9,5742.0,88.36
TURIYA,4359,Technology,Semiconductors,0.25,0.0,701.0,57.18
JAG,0024,Industrial Products & Services,Industrial Services,0.25,0.0,33736.0,188.56
SURIA,6521,Transportation & Logistics,Transportation & Logistics Services,1.54,7.7,474.0,532.56
LBICAP,8494,Property,Property,0.435,0.0,0.0,49.99
MALTON,6181,Property,Property,0.385,0.0,1031.0,220.89
HARNLEN,7501,Plantation,Plantation,0.41,2.5,1761.0,258.91
SDRED,2224,Property,Property,0.51,0.0,0.0,217.33
TSRCAP,5042,Construction,Construction,0.225,0.0,0.0,39.25
SBH,0300,Consumer Products & Services,Agricultural Products,0.235,0.0,591.0,208.68
MITRA,9571,Construction,Construction,0.325,3.2,968.0,252.25
PRESTAR,9873,Industrial Products & Services,Metals,0.36,1.4,625.0,129.81
ORNA,5065,Industrial Products & Services,Packaging Materials,0.755,0.0,0.0,56.81
IGBCR,5299,Real Estate Investment Trusts,Real Estate Investment Trusts,0.53,-0.9,7552.0,1275.15
GENTING,3182,Consumer Products & Services,"Travel, Leisure & Hospitality",3.09,0.3,209911.0,11979.61
OBHB,0327,Consumer Products & Services,Food & Beverages,0.16,-5.9,4499.0,62.66
UNISEM,5005,Technology,Semiconductors,1.95,-2.0,11989.0,3145.5
ECOMATE,0239,Consumer Products & Services,Houshold Goods,1.03,2.0,1774.0,368.77
LAMBO,0018,Technology,Software,0.005,0.0,0.0,7.7
GLOTEC,5220,Industrial Products & Services,"Industrial Materials, Components & Equipment",0.46,-1.1,115.0,123.8
MSTGOLF,5316,Consumer Products & Services,Retailers,0.22,7.3,1650.0,180.59
HPMT,5291,Industrial Products & Services,"Industrial Materials, Components & Equipment",0.235,2.2,1569.0,77.19
PRKCORP,8346,Transportation & Logistics,Transportation & Logistics Services,0.39,0.0,0.0,39.0
BCB,6602,Property,Property,0.32,3.2,752.0,132.0
PGLOBAL,5331,Industrial Products & Services,Metals,0.575,0.0,53440.0,488.75
TAGHILL,0241,Construction,Construction,0.1,0.0,20619.0,155.62
DPS,7198,Property,Property,0.5,0.0,225.0,132.87
FACBIND,2984,Industrial Products & Services,Metals,1.17,0.9,15.0,99.64
GLOMAC,5020,Property,Property,0.36,1.4,2105.0,288.03
CETECH,03024,Industrial Products & Services,Industrial Services,0.505,0.0,0.0,174.79
JFTECH,0146,Technology,Technology Equipment,0.505,0.0,9514.0,468.16
RVIEW,2542,Plantation,Plantation,2.82,0.0,2.0,182.88
IBHD,4251,Property,Property,0.235,4.4,101.0,436.47
IMASPRO,7222,Industrial Products & Services,Chemicals,0.875,-0.6,322.0,70.0
TRC,5054,Construction,Construction,0.32,-1.5,800.0,153.76
OCB,5533,Consumer Products & Services,Food & Beverages,0.685,0.0,100.0,70.45
TITIJYA,5239,Property,Property,0.25,2.0,7502.0,334.61
ASIAFLE,7129,Consumer Products & Services,Consumer Services,1.55,2.6,261.0,303.77
VTC,0319,Technology,Digital Services,0.365,4.3,4498.0,143.08
SENHENG,5305,Consumer Products & Services,Retailers,0.205,2.5,4809.0,307.5
OCK,0172,Telecommunications & Media,Telecommunications Service Providers,0.415,3.7,5614.0,445.02
RGTBHD,9954,Industrial Products & Services,Chemicals,0.505,-1.0,83.0,178.01
ADVENTA,7191,Health Care,Health Care Equipment & Services,0.235,2.2,1369.0,71.81
KEN,7323,Property,Property,0.485,6.6,178.0,92.98
MSM,5202,Consumer Products & Services,Food & Beverages,1.17,-4.9,82655.0,822.49
MULPHA,3905,Consumer Products & Services,"Travel, Leisure & Hospitality",2.8,1.1,1736.0,871.3
SKYGATE,7249,Property,Property,0.705,2.9,580.0,225.29
TWL,7079,Property,Property,0.025,25.0,15488.0,156.31
GENM,4715,Consumer Products & Services,"Travel, Leisure & Hospitality",1.81,0.0,290165.0,10747.86
LUSTER,5068,Industrial Products & Services,"Industrial Materials, Components & Equipment",0.06,0.0,122.0,181.36
ELSOFT,0090,Technology,Technology Equipment,0.33,0.0,1433.0,229.07
VARIA,5006,Construction,Construction,0.8,7.4,40.0,346.0
PASDEC,6912,Property,Property,0.28,-3.4,30.0,112.1
EFFICEN,0064,Industrial Products & Services,Industrial Services,0.18,-2.7,261.0,166.76
HPPHB,0228,Industrial Products & Services,Packaging Materials,0.39,-1.3,414.0,151.54
RADIUM,5313,Property,Property,0.49,-1.0,1132.0,1699.32
STRAITS,0080,Transportation & Logistics,Transportation & Logistics Services,0.095,0.0,47632.0,94.47
NE,0325,Industrial Products & Services,"Industrial Materials, Components & Equipment",0.335,-1.5,20724.0,247.9
CRESBLD,8591,Construction,Construction,0.57,0.0,510.0,100.85
HARTA,5168,Health Care,Health Care Equipment & Services,2.17,0.0,89427.0,7437.91
TRIMODE,0199,Transportation & Logistics,Transportation & Logistics Services,0.225,-4.3,60.0,37.35
MASTEEL,5098,Industrial Products & Services,Metals,0.24,0.0,14058.0,166.23
VINVEST,0069,Technology,Software,0.05,-9.1,6728.0,48.46
CAMRES,7128,Consumer Products & Services,Houshold Goods,0.3,13.2,51.0,59.04
TCS,0221,Construction,Construction,0.135,0.0,1750.0,81.08
TWRREIT,5111,Real Estate Investment Trusts,Real Estate Investment Trusts,0.29,0.0,0.0,142.35
RKI,7006,Consumer Products & Services,Houshold Goods,1.2,2.6,280.0,234.83
TDM,2054,Plantation,Plantation,0.19,0.0,4998.0,327.35
MATANG,0189,Plantation,Plantation,0.075,0.0,5470.0,179.19
OCR,7071,Construction,Construction,0.03,0.0,85647.0,100.23
BINACOM,0195,Telecommunications & Media,Telecommunications Service Providers,0.16,0.0,6781.0,68.34
MINHO,5576,Industrial Products & Services,Wood & Wood Products,0.29,3.6,7674.0,103.45
TMCLIFE,0101,Health Care,Health Care Providers,0.425,0.0,1030.0,740.3
MELEWAR,3778,Industrial Products & Services,Metals,0.17,0.0,280.0,61.11
UEMS,5148,Property,Property,0.845,3.0,49919.0,4274.41
HUAYANG,5062,Property,Property,0.21,-8.7,2069.0,92.4
CGB,8052,Industrial Products & Services,Packaging Materials,0.88,-1.1,84102.0,674.49
HEXZA,3298,Industrial Products & Services,Chemicals,0.88,-1.1,633.0,176.33
SCIB,9237,Industrial Products & Services,Building Materials,0.175,2.9,5841.0,122.37
MRCB,1651,Property,Property,0.42,1.2,110194.0,1876.35
METRO,0329,Health Care,Health Care Providers,0.2,0.0,545.0,195.78
LIONPSIM,8486,Industrial Products & Services,Industrial Services,0.32,4.9,6.0,74.1
HUBLINE,7013,Transportation & Logistics,Transportation & Logistics Services,0.05,11.1,6131.0,214.5
ENGTEX,5056,Industrial Products & Services,Metals,0.435,-8.4,11205.0,345.52
LEONFB,5232,Industrial Products & Services,Metals,0.42,3.7,120.0,143.22
GADANG,9261,Construction,Construction,0.28,0.0,3385.0,224.24
NADIBHD,0206,Construction,Construction,0.275,0.0,233.0,207.08
KRONO,0176,Technology,Digital Services,0.21,2.4,1092.0,186.99
ASIABRN,7722,Consumer Products & Services,Personal Goods,0.55,0.0,0.0,127.96
LEFORM,0266,Industrial Products & Services,Metals,0.135,8.0,9699.0,199.94
OWG,5260,Consumer Products & Services,"Travel, Leisure & Hospitality",0.23,-4.2,2757.0,105.54
ECM,2143,Financial Services,Other Financials,0.19,11.8,2500.0,94.11
KHB,0322,Industrial Products & Services,Auto Parts,0.105,5.0,4676.0,42.25
TNLOGIS,8397,Transportation & Logistics,Transportation & Logistics Services,0.69,-1.4,20.0,364.2
ARBB,7181,Technology,Software,0.035,16.7,15311.0,43.74
MKLAND,8893,Property,Property,0.15,3.4,3458.0,181.09
ALSREIT,5269,Real Estate Investment Trusts,Real Estate Investment Trusts,0.39,-4.9,6.0,226.2
BERTAM,9814,Property,Property,0.165,-5.7,3113.0,79.83
MAYBULK,5077,Transportation & Logistics,Transportation & Logistics Services,0.335,1.5,18198.0,335.0
PETRONM,3042,Energy,Oil & Gas Producers,3.56,0.8,299.0,961.2
HEXRTL,7202,Consumer Products & Services,Houshold Goods,0.485,2.1,3061.0,239.2
MUIPROP,3913,Property,Property,0.305,0.0,3186.0,233.04
SCC,0158,Consumer Products & Services,Consumer Services,0.205,-2.4,250.0,28.94
SCB,0316,Consumer Products & Services,Food & Beverages,0.135,0.0,778.0,35.91
TURBO,5167,Industrial Products & Services,"Industrial Materials, Components & Equipment",0.5,0.0,0.0,54.0
S&FCAP,8745,Industrial Products & Services,Wood & Wood Products,0.085,0.0,6861.0,51.46
KHIND,7062,Consumer Products & Services,Houshold Goods,2.0,0.0,0.0,84.08
SYCAL,9717,Construction,Construction,0.155,-11.4,3472.0,64.53
AMLEX,03011,Technology,Semiconductors,0.2,0.0,0.0,53.62
L&G,3174,Property,Property,0.105,5.0,19716.0,312.18
LSTEEL,9881,Industrial Products & Services,Metals,0.36,0.0,0.0,57.93
UPA,7757,Consumer Products & Services,Consumer Services,0.75,5.6,30.0,179.06
CHINWEL,5007,Industrial Products & Services,"Industrial Materials, Components & Equipment",0.88,1.1,192.0,263.59
ZANTAT,0301,Industrial Products & Services,Chemicals,0.28,-3.4,1960.0,79.73
ARREIT,5127,Real Estate Investment Trusts,Real Estate Investment Trusts,0.39,2.6,6732.0,223.56
DFCITY,5165,Industrial Products & Services,Building Materials,0.25,0.0,0.0,26.4
CYL,7157,Industrial Products & Services,Packaging Materials,0.385,0.0,0.0,38.5
EMETALL,7217,Industrial Products & Services,Metals,0.285,0.0,1921.0,87.72
WANGZNG,7203,Consumer Products & Services,Houshold Goods,0.535,8.1,1538.0,85.76
ENCORP,6076,Property,Property,0.175,6.1,760.0,55.42
BDB,6173,Property,Property,0.24,-2.0,1175.0,72.93
WAJA,0102,Industrial Products & Services,"Industrial Materials, Components & Equipment",0.05,-16.7,7265.0,55.76
ICAP,5108,Closed-End Fund,Closed End Fund,2.56,0.0,80.0,361.05
MIECO,5001,Industrial Products & Services,Wood & Wood Products,0.69,0.0,50.0,690.0
SUBUR,6904,Industrial Products & Services,Wood & Wood Products,0.715,0.0,0.0,149.43
SNOWFIT,03054,Consumer Products & Services,Houshold Goods,0.2,0.0,0.0,42.22
YEWLEE,0248,Industrial Products & Services,"Industrial Materials, Components & Equipment",0.69,0.7,73517.0,374.9
CHHB,5738,Property,Property,0.18,-5.3,103.0,58.64
TONGHER,5010,Industrial Products & Services,Metals,1.45,-3.3,211.0,228.27
DRBHCOM,1619,Consumer Products & Services,Automotive,0.69,2.2,15698.0,1333.93
DUTALND,3948,Plantation,Plantation,0.28,-1.8,20.0,236.91
LEBTECH,9628,Construction,Construction,0.78,0.0,1.0,106.46
SEACERA,7073,Industrial Products & Services,Building Materials,0.175,0.0,320.0,108.88
EVERGRN,5101,Industrial Products & Services,Wood & Wood Products,0.22,-2.2,4014.0,186.21
K1,0111,Technology,Technology Equipment,0.135,8.0,8699.0,112.32
HEXCAP,0035,Telecommunications & Media,Telecommunications Equipment,0.3,1.7,1536.0,134.09
LOTUS,8303,Consumer Products & Services,Food & Beverages,0.11,4.8,3834.0,141.16
TUNEPRO,5230,Financial Services,Insurance,0.29,0.0,2232.0,218.56
Y&G,7003,Property,Property,0.45,-8.2,3.0,98.32
ABLEGRP,7086,Industrial Products & Services,Building Materials,0.08,-5.9,3.0,21.11
TOPGLOV,7113,Health Care,Health Care Equipment & Services,0.89,2.9,181026.0,7313.66
LSH,0351,,,0.88,0.0,0.0,0.0
SALIRAN,0346,,,0.27,0.0,0.0,0.0
DIN045801028,0400GB,Bond Islamic,Islamic GG,102.5,0.0,0.0,102.5
DENGKIL,0347,,,0.25,0.0,0.0,0.0
OMH,5298,Industrial Products & Services,Metals,0.94,6.8,80.0,694.31
ALLIANZ-PA,1163PA,Financial Services,Insurance,18.54,0.0,0.0,3089.42
CLITE,0348,,,0.25,0.0,0.0,0.0
EQ8WAQF,0839EA,ETF-Equity,Equity Fund,0.955,0.0,0.0,1.43
FBMKLCI-EA,0820EA,ETF-Equity,Equity Fund,1.695,-0.3,103.0,5.67
MCOM,03022,Technology,Digital Services,0.2,0.0,0.0,39.15
CAPITALA,5099,Consumer Products & Services,"Travel, Leisure & Hospitality",0.81,2.5,117611.0,3509.85
IREKA,8834,Construction,Construction,0.375,5.6,94.0,85.42
ZENTECH,0094,Technology,Software,0.01,100.0,27026.0,31.37
GPP,03029,Industrial Products & Services,Industrial Services,0.28,0.0,0.0,43.43
JAGAAPP,03002,Technology,Digital Services,0.05,0.0,0.0,5.25
CARZO,03048,Consumer Products & Services,Food & Beverages,0.4,0.0,0.0,38.17
SAPNRG,5218,Energy,"Energy, Infrastructure, Equipment & Services",0.035,16.7,117678.0,643.16
ZELAN,2283,Construction,Construction,0.05,11.1,14975.0,42.25
SCABLE,5170,Industrial Products & Services,"Industrial Materials, Components & Equipment",0.085,0.0,11353.0,33.91
ALAM,5115,Energy,"Energy, Infrastructure, Equipment & Services",0.03,0.0,33544.0,45.95
PHARMA,7081,Health Care,Pharmaceuticals,0.22,-2.2,15923.0,317.07
KHEESAN,6203,Consumer Products & Services,Food & Beverages,0.24,-4.0,1462.0,32.95
ABFMY1,0800EA,ETF-Bond,Bond Fund,1.2,0.0,1.0,1749.51
HM,0060,Technology,Technology Equipment,0.135,3.8,40518.0,221.55
KANGER,0170,Consumer Products & Services,Houshold Goods,0.04,14.3,8899.0,35.36
OCNCASH,0049,Consumer Products & Services,Personal Goods,0.355,-2.7,43369.0,92.58
GBGAQRS,5226,Construction,Construction,0.195,2.6,4037.0,106.07
PBSB,5231,Consumer Products & Services,Consumer Services,0.18,5.9,70.0,109.46
TIMWELL,7854,Industrial Products & Services,Wood & Wood Products,0.42,0.0,0.0,37.4
NTPM,5066,Consumer Products & Services,Houshold Goods,0.27,0.0,1110.0,303.26
GDEX,0078,Transportation & Logistics,Transportation & Logistics Services,0.185,2.8,11512.0,1043.66
TASHIN,0211,Industrial Products & Services,Metals,0.3,0.0,0.0,104.7
SBCCORP,5207,Property,Property,0.315,-6.0,461.0,81.31
GBAY,9148,Industrial Products & Services,Packaging Materials,0.6,0.0,2000.0,48.81
MAA,1198,Financial Services,Insurance,0.2,0.0,2420.0,52.75
SINKUNG,0305,Transportation & Logistics,Transportation & Logistics Services,0.125,4.2,4207.0,150.0
IQGROUP,5107,Consumer Products & Services,Houshold Goods,0.58,0.0,0.0,51.06
MMSV,0113,Technology,Technology Equipment,0.34,0.0,481.0,70.53
CHINAETF-USD,0829EB,ETF-Equity,Equity Fund,1.215,0.0,0.0,0.07
UNIWALL,03017,Construction,Construction,0.49,0.0,0.0,358.39
FSBM,9377,Technology,Technology Equipment,0.21,2.4,70023.0,107.75
XIN,7043,Industrial Products & Services,Building Materials,0.25,6.4,674.0,125.47
AWANTEC,5204,Technology,Digital Services,0.295,0.0,2225.0,233.05
CLASSITA,7154,Consumer Products & Services,Personal Goods,0.065,8.3,83674.0,80.13
CANONE,5105,Industrial Products & Services,Packaging Materials,2.25,1.4,820.0,432.34
INCKEN,2607,Plantation,Plantation,0.385,-1.3,39.0,161.99
SEAL,4286,Property,Property,0.765,0.0,3161.0,321.53
HEVEA,5095,Industrial Products & Services,Wood & Wood Products,0.215,-2.3,5820.0,122.07
OVERSEA,0153,Consumer Products & Services,"Travel, Leisure & Hospitality",0.045,12.5,14151.0,102.59
AYS,5021,Industrial Products & Services,Building Materials,0.25,4.2,853.0,104.61
FIHB,8605,Consumer Products & Services,Houshold Goods,0.29,0.0,0.0,42.04
AGRICOR,0309,Consumer Products & Services,Food & Beverages,0.41,0.0,0.0,83.15
EKSONS,9016,Industrial Products & Services,Wood & Wood Products,0.51,0.0,0.0,83.75
ROHAS,9741,Industrial Products & Services,Industrial Engineering,0.225,0.0,220.0,106.35
SYMLIFE,1538,Property,Property,0.225,0.0,0.0,161.2
KESM,9334,Technology,Semiconductors,3.13,2.6,177.0,134.64
LANDMRK,1643,Consumer Products & Services,"Travel, Leisure & Hospitality",0.135,3.8,819.0,90.65
PAOS,5022,Consumer Products & Services,Houshold Goods,0.31,0.0,51.0,56.16
CWG,9423,Consumer Products & Services,Consumer Services,0.19,0.0,0.0,49.85
CJCEN,7117,Transportation & Logistics,Transportation & Logistics Services,0.19,0.0,0.0,112.9
ALCOM,2674,Industrial Products & Services,Metals,0.665,-0.7,230.0,89.33
PARAGON,9407,Consumer Products & Services,Houshold Goods,2.26,0.0,940.0,228.53
BJASSET,3239,Property,Property,0.28,7.7,1719.0,716.32
WOODLAN,7025,Industrial Products & Services,Wood & Wood Products,0.595,-0.8,1.0,23.8
WTHORSE,5009,Industrial Products & Services,Building Materials,0.735,0.7,50.0,176.4
MENTIGA,5223,Plantation,Plantation,0.42,0.0,13.0,29.4
CHUAN,7016,Industrial Products & Services,Building Materials,0.3,-20.0,761.0,50.6
BSLCORP,7221,Industrial Products & Services,Metals,0.025,25.0,3628.0,48.32
AASIA,7054,Plantation,Plantation,0.09,-5.3,218.0,62.31
HPI,03060,Industrial Products & Services,Building Materials,0.31,0.0,0.0,40.88
BJLAND,4219,Consumer Products & Services,"Travel, Leisure & Hospitality",0.295,0.0,5111.0,1475.1
PGB,0091,Energy,"Energy, Infrastructure, Equipment & Services",0.09,-10.0,2.0,65.0
FITTERS,9318,Industrial Products & Services,"Industrial Materials, Components & Equipment",0.03,0.0,10699.0,70.62
SG,5157,Consumer Products & Services,Food & Beverages,0.015,0.0,9025.0,23.43
SWSCAP,7186,Consumer Products & Services,Houshold Goods,0.19,0.0,703.0,57.43
OPPSTAR,0275,Technology,Semiconductors,0.405,1.2,20684.0,259.46
EMICO,9091,Consumer Products & Services,Consumer Services,0.215,-2.3,100.0,28.38
ASDION,0068,Technology,Software,0.025,0.0,1800.0,12.77
HEXCARE,7803,Health Care,Health Care Equipment & Services,0.14,3.7,8783.0,167.07
IWCITY,1589,Property,Property,0.37,0.0,32984.0,340.82
HWGB,9601,Industrial Products & Services,"Industrial Materials, Components & Equipment",0.23,2.2,7358.0,47.28
SCGM,7247,Industrial Products & Services,Packaging Materials,0.56,0.0,900.0,108.42
EWINT,5283,Property,Property,0.245,0.0,4647.0,588.0
DNEX,4456,Technology,Digital Services,0.26,6.1,177448.0,902.71
MJPERAK,8141,Property,Property,0.105,-4.5,2200.0,29.86
WATTA,7226,Industrial Products & Services,Auto Parts,0.38,0.0,0.0,32.1
UNITRAD,0247,Industrial Products & Services,Building Materials,0.205,7.9,9941.0,334.3
SSTEEL,5665,Industrial Products & Services,Metals,0.345,-1.4,6657.0,517.88
PERTAMA,8532,Consumer Products & Services,Personal Goods,0.095,0.0,1560.0,41.63
REKATECH,0081,Industrial Products & Services,Industrial Services,0.04,0.0,0.0,23.68
HBGLOB,5187,Consumer Products & Services,Food & Beverages,0.07,0.0,8246.0,54.74
FINTEC,0150,Financial Services,Other Financials,0.165,3.1,2751.0,33.82
NHB,5614,Energy,Renewable Energy,0.45,0.0,0.0,87.76
MSNIAGA,5011,Technology,Digital Services,1.42,0.0,0.0,85.77
CNH,5104,Consumer Products & Services,Consumer Services,0.045,0.0,130.0,32.4
ESCERAM,0100,Industrial Products & Services,"Industrial Materials, Components & Equipment",0.105,0.0,4982.0,74.25
ECONBHD,5253,Construction,Construction,0.32,3.2,24193.0,453.6
GLBHD,7382,Plantation,Plantation,0.28,0.0,0.0,62.42
LIENHOE,3573,Property,Property,0.24,0.0,0.0,86.82
YNHPROP,3158,Property,Property,0.44,2.3,14525.0,232.76
CBIP,7076,Industrial Products & Services,"Industrial Materials, Components & Equipment",1.11,0.9,819.0,547.51
SMI,4375,Property,Property,0.37,-1.3,300.0,77.68
SUPERMX,7106,Health Care,Health Care Equipment & Services,0.775,2.6,67313.0,2530.16
MPAY,0156,Technology,Software,0.075,-6.2,4560.0,77.41
PLS,9695,Plantation,Plantation,0.445,0.0,55.0,195.63
PARKWD,2682,Property,Property,0.12,0.0,0.0,33.84
ASTEEL,7020,Industrial Products & Services,Metals,0.065,8.3,6521.0,31.52
TOPVISN,0332,Health Care,Health Care Providers,0.21,5.0,2102.0,65.06
XDL,5156,Consumer Products & Services,Personal Goods,0.01,0.0,150.0,21.16
PHB,4464,Property,Property,0.01,100.0,87173.0,108.21
CFM,8044,Industrial Products & Services,Industrial Services,0.095,5.6,5904.0,29.23
OLYMPIA,3018,Consumer Products & Services,"Travel, Leisure & Hospitality",0.055,0.0,60.0,56.29
RENEUCO,7130,Energy,Renewable Energy,0.045,0.0,2187.0,51.41
GREENYB,0136,Consumer Products & Services,Agricultural Products,0.2,2.6,126.0,108.46
KHJB,0210,Consumer Products & Services,Retailers,0.13,8.3,1121.0,49.4
MUDA,3883,Industrial Products & Services,Packaging Materials,1.02,0.0,310.0,311.15
CHOOBEE,5797,Industrial Products & Services,Metals,0.6,0.0,834.0,118.52
AVI,8885,Consumer Products & Services,"Travel, Leisure & Hospitality",0.03,-14.3,14047.0,34.0
BORNOIL,7036,Industrial Products & Services,Industrial Services,0.01,0.0,15466.0,134.92
TRIVE,0118,Energy,Renewable Energy,0.03,-14.3,478.0,37.91
SEEHUP,7053,Transportation & Logistics,Transportation & Logistics Services,0.8,2.6,571.0,64.34
TROP,5401,Property,Property,1.15,0.0,3771.0,2891.38
GUH,3247,Industrial Products & Services,"Industrial Materials, Components & Equipment",0.315,5.0,1356.0,88.85
FARLIM,6041,Property,Property,0.21,5.0,212.0,35.36
FOCUS,0116,Consumer Products & Services,"Travel, Leisure & Hospitality",0.015,0.0,3395.0,95.58
KAMDAR,8672,Consumer Products & Services,Retailers,0.21,10.5,114.0,41.58
PINEPAC,1902,Plantation,Plantation,0.23,-8.0,85.0,34.45
PJBUMI,7163,Industrial Products & Services,Industrial Services,0.9,0.6,28.0,73.8
CME,7018,Industrial Products & Services,Industrial Services,0.01,0.0,0.0,12.09
WIDAD,0162,Construction,Construction,0.035,0.0,2144.0,109.24
EIG,5081,Consumer Products & Services,Personal Goods,0.235,0.0,0.0,55.74
SYSTECH,0050,Technology,Software,0.24,2.1,576.0,154.68
PEB,5622,Construction,Construction,0.88,0.0,0.0,60.83
MMM,0159,Telecommunications & Media,Media,0.07,0.0,0.0,21.79
WARISAN,5016,Consumer Products & Services,"Travel, Leisure & Hospitality",0.95,0.0,0.0,63.84
WTK,4243,Industrial Products & Services,Wood & Wood Products,0.425,-1.2,2448.0,204.57
SERNKOU,7180,Consumer Products & Services,Houshold Goods,0.82,1.9,2429.0,884.04
MILUX,7935,Consumer Products & Services,Houshold Goods,0.49,0.0,0.0,115.18
NIHSIN,7215,Consumer Products & Services,Houshold Goods,0.095,0.0,5146.0,54.44
RALCO,7498,Industrial Products & Services,Chemicals,0.7,0.0,0.0,35.56
EKOVEST,8877,Construction,Construction,0.275,1.9,112485.0,815.49
XINHWA,5267,Transportation & Logistics,Transportation & Logistics Services,0.16,-3.0,231.0,40.91
ESAFE,0190,Industrial Products & Services,Auto Parts,0.15,3.4,14.0,36.09
SAPRES,4596,Property,Property,0.21,0.0,0.0,54.44
PERMAJU,7080,Consumer Products & Services,Automotive,0.03,0.0,6450.0,58.69
VSOLAR,0066,Technology,Software,0.05,0.0,601.0,24.86
COMFORT,2127,Industrial Products & Services,"Industrial Materials, Components & Equipment",0.345,1.5,678.0,201.12
IVORY,5175,Property,Property,0.04,14.3,44.0,19.6
AXTERIA,7120,Property,Property,0.105,0.0,2760.0,82.8
AXJ-REITSETF,0837EA,ETF-Equity,Equity Fund,0.629,0.8,4.0,3.81
DIGISTA,0029,Technology,Digital Services,0.05,0.0,3267.0,31.01
BCMALL,0187,Industrial Products & Services,Industrial Services,0.01,0.0,1772.0,20.34
NEXGRAM,0096,Telecommunications & Media,Telecommunications Equipment,0.015,0.0,1566.0,13.33
ENGKAH,7149,Consumer Products & Services,Houshold Goods,0.24,0.0,125.0,29.64
JHM,0127,Technology,Semiconductors,0.385,4.1,2678.0,233.31
SANICHI,0133,Industrial Products & Services,"Industrial Materials, Components & Equipment",0.11,-4.3,4550.0,18.07
DNONCE,7114,Industrial Products & Services,Packaging Materials,0.03,-25.0,108534.0,26.05
PARKSON,5657,Consumer Products & Services,Retailers,0.165,6.5,24889.0,189.57
CHEETAH,7209,Consumer Products & Services,Personal Goods,0.12,0.0,659.0,58.35
TCHONG,4405,Consumer Products & Services,Automotive,0.33,3.1,235.0,221.76
MNC,0103,Telecommunications & Media,Telecommunications Equipment,0.085,30.8,50.0,20.21
GKENT,3204,Construction,Construction,0.35,-1.4,1070.0,197.14
PERSTIM,5436,Industrial Products & Services,Metals,2.05,0.0,3.0,264.65
COMPUGT,5037,Industrial Products & Services,Industrial Services,0.015,0.0,204997.0,90.76
CYPARK,5184,Energy,Renewable Energy,0.76,0.7,57795.0,625.35
LIONIND,4235,Industrial Products & Services,Metals,0.18,2.9,3704.0,129.22
SOLUTN,0093,Technology,Digital Services,0.1,-4.8,2121.0,48.6
PICORP,7201,Industrial Products & Services,Industrial Services,0.05,0.0,0.0,32.9
MEDIAC,5090,Telecommunications & Media,Media,0.115,0.0,11820.0,190.29
TECHBASE,8966,Consumer Products & Services,Personal Goods,0.11,0.0,1867.0,33.13
MLAB,0085,Technology,Technology Equipment,0.075,7.1,1488.0,21.68
JOHAN,3441,Financial Services,Other Financials,0.03,0.0,14732.0,35.04
CHINAETF-MYR,0829EA,ETF-Equity,Equity Fund,5.38,2.5,71.0,64.77
AFUJIYA,5198,Industrial Products & Services,Auto Parts,0.3,0.0,0.0,54.0
ASIAPLY,0105,Industrial Products & Services,Chemicals,0.14,0.0,89453.0,147.61
CAREPLS,0163,Health Care,Health Care Equipment & Services,0.18,2.9,32396.0,137.49
VANZO,0333,Consumer Products & Services,Personal Goods,0.165,6.5,42012.0,77.01
EQ8SID,0825EA,ETF-Equity,Equity Fund,0.7,0.0,0.0,41.3
MBN,0280,Consumer Products & Services,Consumer Services,0.11,-4.3,480.0,42.46
N2N,0108,Technology,Software,0.42,2.4,12694.0,234.45
CEB,5311,Industrial Products & Services,Diversified Industrials,0.275,10.0,185220.0,272.8
BTM,7188,Industrial Products & Services,Wood & Wood Products,0.045,0.0,1550.0,56.54
WILLOW,0008,Technology,Software,0.275,1.9,2333.0,136.4
ITRONIC,9393,Technology,Technology Equipment,0.035,0.0,709.0,24.77
REACH,5256,Energy,Oil & Gas Producers,0.015,0.0,570.0,31.93
XOX,0165,Telecommunications & Media,Telecommunications Service Providers,0.51,3.0,50673.0,94.58
KIMHIN,5371,Industrial Products & Services,Building Materials,0.44,0.0,0.0,68.47
JSB,5673,Industrial Products & Services,Industrial Services,0.43,4.9,7722.0,191.33
PUNCAK,6807,Construction,Construction,0.18,5.9,476.0,80.87
FLBHD,5197,Industrial Products & Services,Wood & Wood Products,0.325,0.0,150.0,74.89
PENSONI,9997,Consumer Products & Services,Houshold Goods,0.46,0.0,0.0,72.4
BOXPAK,6297,Industrial Products & Services,Packaging Materials,0.495,0.0,0.0,59.42
SMILE,03023,Health Care,Health Care Providers,0.13,0.0,0.0,32.79
TAWIN,7097,Industrial Products & Services,Metals,0.025,0.0,42281.0,91.79
MQTECH,0070,Technology,Semiconductors,0.075,0.0,4332.0,15.49
REVENUE,0200,Technology,Digital Services,0.09,0.0,8400.0,54.46
LCTITAN,5284,Industrial Products & Services,Chemicals,0.395,0.0,9248.0,913.38
AIZO,7219,Industrial Products & Services,Building Materials,0.095,0.0,42310.0,184.34
NICE,7139,Consumer Products & Services,Personal Goods,0.135,0.0,3120.0,200.33
NP,03045,Technology,Digital Services,0.275,0.0,0.0,110.0
ARKA,7218,Transportation & Logistics,Transportation & Logistics Services,1.66,-1.8,20.0,108.73
VIS,0120,Technology,Semiconductors,0.25,4.2,318.0,65.7
ADVCON,5281,Construction,Construction,0.24,0.0,39080.0,140.34
GCE,5592,Consumer Products & Services,"Travel, Leisure & Hospitality",0.37,0.0,33.0,72.89
IHB,7240,Construction,Construction,0.07,-33.3,18785.0,29.3
EAH,0154,Technology,Digital Services,0.005,0.0,33113.0,32.26
AEMULUS,0181,Technology,Technology Equipment,0.22,-2.2,9378.0,147.79
NOVAMSC,0026,Technology,Software,0.075,7.1,47268.0,121.34
QUALITY,7544,Industrial Products & Services,Building Materials,0.98,0.0,0.0,56.8
YBS,0025,Industrial Products & Services,"Industrial Materials, Components & Equipment",0.39,-4.9,42107.0,116.09
ECA,0267,Technology,Technology Equipment,0.175,2.9,17454.0,101.33
PLB,7055,Property,Property,1.0,0.0,0.0,112.4
HONGSENG,0041,Technology,Software,0.005,-50.0,9931.0,25.55
JOE,7096,Industrial Products & Services,Auto Parts,0.08,0.0,320.0,24.47
PASUKGB,0177,Industrial Products & Services,Industrial Engineering,0.13,4.0,2071.0,24.77
NYLEX,4944,Industrial Products & Services,Chemicals,0.24,0.0,0.0,46.64
GCAP,7676,Transportation & Logistics,Transportation & Logistics Services,0.265,0.0,11737.0,86.89
YB,5048,Industrial Products & Services,Building Materials,0.12,0.0,1130.0,35.05
SEDANIA,0178,Consumer Products & Services,Consumer Services,0.1,-4.8,5226.0,36.54
ASB,1481,Consumer Products & Services,"Travel, Leisure & Hospitality",0.075,0.0,22295.0,189.69
AURO,5025,Industrial Products & Services,Wood & Wood Products,0.135,-3.6,26249.0,85.95
SMCAP,9776,Consumer Products & Services,Agricultural Products,0.04,0.0,0.0,17.36
CEPCO,8435,Industrial Products & Services,Building Materials,1.17,-0.8,3.0,87.31
WONG,7050,Industrial Products & Services,"Industrial Materials, Components & Equipment",0.205,0.0,1895.0,51.69
PINEAPP,0006,Technology,Digital Services,0.615,0.0,0.0,29.83
KLCI2XL,0834EA,,,1.965,0.0,0.0,1.97
P&O,6009,Financial Services,Insurance,0.625,-0.8,331.0,185.09
WCEHB,3565,Construction,Construction,0.73,1.4,7971.0,2409.23
SCNWOLF,7239,Industrial Products & Services,Building Materials,0.54,0.0,6452.0,114.2
ANCOMLB,0048,Transportation & Logistics,Transportation & Logistics Services,0.105,10.5,2732.0,49.7
EQ8MID,0824EA,ETF-Equity,Equity Fund,1.15,0.0,7.0,22.88
MTRONIC,0043,Industrial Products & Services,Industrial Services,0.01,-33.3,392.0,15.31
GPHAROS,5649,Industrial Products & Services,Wood & Wood Products,0.195,-4.9,1786.0,27.45
PNEPCB,6637,Industrial Products & Services,"Industrial Materials, Components & Equipment",0.045,0.0,1003.0,25.23
XOXNET,0140,Consumer Products & Services,Consumer Services,0.02,-20.0,400.0,22.71
YLI,7014,Industrial Products & Services,Metals,0.35,-2.8,20.0,39.53
MTOUCHE,0092,Telecommunications & Media,Telecommunications Service Providers,0.04,14.3,40001.0,37.07
INNITY,0147,Telecommunications & Media,Media,0.38,0.0,0.0,52.97
MERCURY,8192,Construction,Construction,0.945,0.0,0.0,60.76
MGRC,0155,Health Care,Health Care Equipment & Services,0.255,-7.3,142.0,34.99
HEXTECH,5136,Transportation & Logistics,Transportation & Logistics Services,1.2,0.0,6987.0,2470.06
SCOPE,0028,Industrial Products & Services,"Industrial Materials, Components & Equipment",0.07,0.0,4553.0,80.83
SAFETY,03056,Industrial Products & Services,"Industrial Materials, Components & Equipment",0.19,0.0,0.0,60.65
TOMYPAK,7285,Industrial Products & Services,Packaging Materials,0.27,0.0,200.0,116.4
GOCEAN,0074,Consumer Products & Services,Food & Beverages,0.19,0.0,152230.0,40.12
EURO,7208,Consumer Products & Services,Consumer Services,0.05,0.0,7410.0,66.4
AHB,7315,Consumer Products & Services,Consumer Services,0.035,0.0,7040.0,26.04
MMAG,0034,Technology,Digital Services,0.505,-1.0,9813.0,1166.4
CNASIA,7986,Industrial Products & Services,"Industrial Materials, Components & Equipment",0.065,18.2,6005.0,17.5
EDUSPEC,0107,Technology,Software,0.13,0.0,3699.0,172.49
SCBUILD,0109,Construction,Construction,0.01,100.0,369.0,40.92
ANNJOO,6556,Industrial Products & Services,Metals,0.69,3.0,6761.0,496.06
ATAIMS,8176,Industrial Products & Services,"Industrial Materials, Components & Equipment",0.265,0.0,15713.0,319.16
LKL,0182,Health Care,Health Care Equipment & Services,0.085,0.0,0.0,32.98
DATAPRP,8338,Technology,Digital Services,0.13,0.0,1185.0,98.24
MUIIND,3891,Consumer Products & Services,"Travel, Leisure & Hospitality",0.06,-7.7,49863.0,193.55
HLT,0188,Industrial Products & Services,"Industrial Materials, Components & Equipment",0.08,0.0,3749.0,67.1
THETA,9075,Technology,Digital Services,1.07,4.9,1987.0,126.23
NETX,0020,Technology,Software,0.075,15.4,2581.0,70.35
ONEGLOVE,5079,Consumer Products & Services,"Travel, Leisure & Hospitality",0.225,0.0,11780.0,122.78
THRIVEN,7889,Property,Property,0.12,0.0,468.0,65.63
AIM,0122,Industrial Products & Services,Industrial Services,0.06,-14.3,10.0,23.41
HENGYUAN,4324,Energy,Oil & Gas Producers,1.78,2.9,924.0,534.0
MAXLAND,7123,Industrial Products & Services,Wood & Wood Products,0.05,11.1,50.0,80.18
EQ8MY25,0821EA,ETF-Equity,Equity Fund,0.95,-1.0,3.0,128.34
1TECH,03041,Technology,Software,0.2,0.0,0.0,15.39
SEERS,03009,Consumer Products & Services,Houshold Goods,0.1,0.0,0.0,25.76
FAST,0084,Industrial Products & Services,"Industrial Materials, Components & Equipment",0.055,0.0,1615.0,23.68
PARLO,0022,Consumer Products & Services,"Travel, Leisure & Hospitality",0.035,0.0,500.0,21.04
EXSIMHB,1287,Consumer Products & Services,"Travel, Leisure & Hospitality",0.37,0.0,13328.0,343.68
MPIRE,7943,Consumer Products & Services,Houshold Goods,0.09,5.9,19889.0,13.48
CHINA100-MYR,0838EA,ETF-Equity,Equity Fund,1.13,0.0,416.0,32.77
KNM,7164,Energy,Other Energy Resources,0.05,0.0,21145.0,202.3
AEM,7146,Industrial Products & Services,"Industrial Materials, Components & Equipment",0.055,0.0,0.0,11.9
TOYOVEN,7173,Industrial Products & Services,Chemicals,0.28,-1.8,4590.0,46.45
BJFOOD,5196,Consumer Products & Services,"Travel, Leisure & Hospitality",0.32,-1.5,18230.0,623.24
BVLH,03042,Construction,Construction,0.19,0.0,0.0,25.76
ARTRONIQ,0038,Industrial Products & Services,Chemicals,0.075,0.0,8021.0,32.85
JIANKUN,8923,Property,Property,0.045,0.0,183747.0,24.22
PAM-C50,0823EA,ETF-Equity,Equity Fund,1.4,-3.4,1.0,6.37
CNOUHUA,5188,Consumer Products & Services,Food & Beverages,0.04,0.0,134.0,26.72
KOMARK,7017,Industrial Products & Services,Packaging Materials,0.085,0.0,0.0,19.63
VIZIONE,7070,Construction,Construction,0.1,5.3,229.0,55.25
BIOHLDG,0179,Consumer Products & Services,Food & Beverages,0.045,-10.0,23963.0,63.29
MAGMA,7243,Consumer Products & Services,Food & Beverages,0.215,2.4,1308.0,250.5
TECHNAX,2739,Energy,Other Energy Resources,0.075,0.0,64.0,18.31
PESTECH,5219,Industrial Products & Services,Industrial Engineering,0.165,0.0,7030.0,383.72
DCHCARE,0283,Health Care,Health Care Providers,0.13,0.0,2080.0,129.52
GPACKET,0082,Telecommunications & Media,Telecommunications Service Providers,0.03,0.0,6416.0,69.02
SMTRACK,0169,Technology,Technology Equipment,0.01,0.0,29619.0,13.21
G3,7184,Consumer Products & Services,Personal Goods,0.01,-33.3,572187.0,37.74
EIB,0255,Industrial Products & Services,Industrial Engineering,0.21,16.7,1211.0,78.54
PUC,0007,Telecommunications & Media,Media,0.035,-12.5,3600.0,97.27
ICONIC,9113,Consumer Products & Services,"Travel, Leisure & Hospitality",0.085,0.0,12040.0,143.4
JADI,7223,Consumer Products & Services,Consumer Services,0.02,0.0,2101.0,27.99
EVD,0174,Technology,Software,0.07,0.0,0.0,31.16
PMCORP,4081,Consumer Products & Services,"Travel, Leisure & Hospitality",0.12,0.0,150.0,106.14
ENRA,8613,Energy,"Energy, Infrastructure, Equipment & Services",0.62,4.2,4.0,92.81
ERDASAN,0072,Industrial Products & Services,"Industrial Materials, Components & Equipment",0.085,0.0,2241.0,19.45
GIIB,7192,Industrial Products & Services,Auto Parts,0.06,0.0,3700.0,39.03
KEYASIC,0143,Technology,Semiconductors,0.04,14.3,17262.0,55.99
TDEX,0132,Technology,Software,0.05,0.0,0.0,44.29
LYC,0075,Health Care,Health Care Providers,0.07,-6.7,3041.0,50.05
TFP,0145,Technology,Digital Services,0.03,0.0,0.0,18.87
POS,4634,Transportation & Logistics,Transportation & Logistics Services,0.185,2.8,7131.0,144.81
AORB,03051,Consumer Products & Services,Agricultural Products,3.35,0.0,0.0,335.0
TALAMT,2259,Property,Property,0.115,0.0,1546.0,108.66
SALUTE,0183,Consumer Products & Services,Personal Goods,0.19,2.7,12350.0,81.03
PRG,7168,Consumer Products & Services,Personal Goods,0.085,6.3,2977.0,41.46
DESTINI,7212,Industrial Products & Services,Industrial Engineering,0.305,0.0,586.0,152.21
MERIDIAN,5040,Property,Property,0.04,0.0,0.0,9.14
RSENA,5270,SPAC,Special Purpose Acquisition Company,0.505,0.0,0.0,505.0
MICROLN,0126,Technology,Digital Services,0.165,22.2,20995.0,176.95
HOHUP,5169,Construction,Construction,0.1,17.6,23471.0,51.83
APB,5568,Industrial Products & Services,Industrial Engineering,0.2,2.6,1154.0,24.83
ECOHLDS,0059,Telecommunications & Media,Telecommunications Service Providers,0.03,20.0,1.0,12.62
GOINNO,03028,Industrial Products & Services,Metals,0.03,0.0,0.0,9.0
SINARAN,5172,Consumer Products & Services,Personal Goods,0.06,-14.3,3700.0,54.9
CLOUD,03001,Technology,Digital Services,0.005,0.0,0.0,4.16
SNTORIA,5213,Property,Property,0.01,0.0,0.0,6.23
ETH,03021,Consumer Products & Services,Consumer Services,0.18,0.0,0.0,55.3
KUCHAI,2186,Financial Services,Other Financials,0.655,0.8,458.0,81.05
HANDAL,7253,Energy,"Energy, Infrastructure, Equipment & Services",0.055,0.0,101.0,22.59
SGBHD,03033,Industrial Products & Services,Industrial Services,0.15,0.0,0.0,17.35
KGROUP,0036,Technology,Technology Equipment,0.2,33.3,117064.0,24.52
OMESTI,9008,Technology,Digital Services,0.145,0.0,1060.0,78.4
DGB,0152,Technology,Software,0.065,8.3,2376.0,16.53
TXCD,7145,Construction,Construction,0.1,5.3,2540.0,31.17
